timestamp,received_at,temperature,humidity,pm25,pm10,mq135,mq7,aqi,aqi_label,source_file
1781493790,1781493791704.0,30.8,87,18,18,2095,434,63,MODERATE,aqi_history
1781493800,1781493801966.0,30.8,87,20,20,2108,443,68,MODERATE,aqi_history
1781493810,1781493811642.0,30.8,87,21,21,2101,453,70,MODERATE,aqi_history
1781493820,1781493821495.0,30.8,87,22,22,2095,452,72,MODERATE,aqi_history
1781493830,1781493831849.0,30.8,87,21,22,2082,447,70,MODERATE,aqi_history
1781493840,1781493841984.0,30.8,87,18,21,2064,439,63,MODERATE,aqi_history
1781493850,1781493851675.0,30.8,87,16,18,2059,432,59,MODERATE,aqi_history
1781493860,1781493861597.0,30.8,86,17,19,2082,436,61,MODERATE,aqi_history
1781493870,1781493871471.0,30.8,86,19,21,2056,432,66,MODERATE,aqi_history
1781493880,1781493881392.0,30.8,86,20,21,2060,432,68,MODERATE,aqi_history
1781493890,1781493891636.0,30.8,86,22,23,2055,430,72,MODERATE,aqi_history
1781493898,1781493900099.0,30.8,86,24,24,2039,430,76,MODERATE,aqi_history
1781493909,1781493910867.0,30.8,86,21,21,2036,423,70,MODERATE,aqi_history
1781493918,1781493919758.0,30.8,86,19,19,1983,419,66,MODERATE,aqi_history
1781493929,1781493931025.0,30.8,85,18,18,2032,413,63,MODERATE,aqi_history
1781493938,1781493940271.0,30.8,86,19,19,2022,418,66,MODERATE,aqi_history
1781493948,1781493949877.0,30.8,86,22,23,2000,417,72,MODERATE,aqi_history
1781493958,1781493960133.0,30.8,85,22,22,2036,412,72,MODERATE,aqi_history
1781493969,1781493970239.0,30.8,85,21,22,2028,416,70,MODERATE,aqi_history
1781493980,1781493981910.0,30.8,85,22,23,2023,405,72,MODERATE,aqi_history
1781493989,1781493991174.0,30.8,86,21,23,1999,409,70,MODERATE,aqi_history
1781493998,1781494000045.0,30.8,86,24,25,2030,414,76,MODERATE,aqi_history
1781494008,1781494010473.0,30.8,86,25,26,2023,401,78,MODERATE,aqi_history
1781494019,1781494020336.0,30.8,86,23,23,2005,406,74,MODERATE,aqi_history
1781494029,1781494030055.0,30.8,86,22,23,2003,405,72,MODERATE,aqi_history
1781494039,1781494040092.0,30.8,86,22,23,2033,406,72,MODERATE,aqi_history
1781494050,1781494051509.0,30.8,86,21,22,2075,413,70,MODERATE,aqi_history
1781494059,1781494059967.0,30.8,86,22,24,2060,411,72,MODERATE,aqi_history
1781494068,1781494069992.0,30.8,86,22,24,2055,417,72,MODERATE,aqi_history
1781494079,1781494080407.0,30.8,86,20,20,2046,406,68,MODERATE,aqi_history
1781494090,1781494091543.0,30.8,86,19,21,2036,400,66,MODERATE,aqi_history
1781494099,1781494100990.0,30.8,86,20,20,2031,399,68,MODERATE,aqi_history
1781494110,1781494111471.0,30.8,86,19,19,2025,398,66,MODERATE,aqi_history
1781494119,1781494121271.0,30.8,85,18,18,2035,401,63,MODERATE,aqi_history
1781494130,1781494131525.0,30.8,85,17,19,2067,405,61,MODERATE,aqi_history
1781494139,1781494140994.0,30.8,85,18,18,2044,412,63,MODERATE,aqi_history
1781494150,1781494151703.0,30.8,85,20,20,2068,411,68,MODERATE,aqi_history
1781494159,1781494160594.0,30.8,85,21,21,2056,411,70,MODERATE,aqi_history
1781494170,1781494171070.0,30.8,85,21,23,2015,400,70,MODERATE,aqi_history
1781494179,1781494180273.0,30.8,85,21,23,2009,399,70,MODERATE,aqi_history
1781494190,1781494193303.0,30.8,85,23,25,2012,394,74,MODERATE,aqi_history
1781494200,1781494204549.0,30.8,85,20,21,1997,393,68,MODERATE,aqi_history
1781494214,1781494216816.0,30.8,85,20,21,2037,399,68,MODERATE,aqi_history
1781494224,1781494227446.0,30.8,85,20,21,2019,397,68,MODERATE,aqi_history
1781494234,1781494235884.0,30.8,85,19,19,2013,396,66,MODERATE,aqi_history
1781494244,1781494245792.0,30.8,85,20,21,2004,397,68,MODERATE,aqi_history
1781494254,1781494255329.0,30.8,85,18,19,2017,398,63,MODERATE,aqi_history
1781494264,1781494265852.0,30.8,85,19,19,2029,398,66,MODERATE,aqi_history
1781494274,1781494275451.0,30.8,84,21,21,2029,396,70,MODERATE,aqi_history
1781494284,1781494285885.0,30.8,84,19,19,2029,397,66,MODERATE,aqi_history
1781494294,1781494295699.0,30.8,84,18,18,2027,406,63,MODERATE,aqi_history
1781494304,1781494305562.0,30.8,84,19,20,2044,408,66,MODERATE,aqi_history
1781494314,1781494315563.0,30.8,84,20,21,2033,404,68,MODERATE,aqi_history
1781494324,1781494325728.0,30.8,84,19,20,2059,404,66,MODERATE,aqi_history
1781494334,1781494335727.0,30.8,84,19,19,2026,405,66,MODERATE,aqi_history
1781494344,1781494345952.0,30.8,84,19,19,2028,399,66,MODERATE,aqi_history
1781494354,1781494355684.0,30.8,84,20,20,2023,401,68,MODERATE,aqi_history
1781494364,1781494365909.0,30.8,85,19,19,2027,400,66,MODERATE,aqi_history
1781494374,1781494375892.0,30.8,86,18,18,2018,399,63,MODERATE,aqi_history
1781494384,1781494386007.0,30.8,86,16,16,2006,398,59,MODERATE,aqi_history
1781494394,1781494395713.0,30.8,86,18,18,2034,399,63,MODERATE,aqi_history
1781494404,1781494405489.0,30.8,86,19,19,2037,399,66,MODERATE,aqi_history
1781494414,1781494415828.0,30.8,86,20,21,2056,399,68,MODERATE,aqi_history
1781494424,1781494426257.0,30.8,87,22,23,2057,399,72,MODERATE,aqi_history
1781494434,1781494435245.0,30.8,87,21,22,2055,399,70,MODERATE,aqi_history
1781494443,1781494444700.0,30.8,87,19,19,2061,401,66,MODERATE,aqi_history
1781494453,1781494454636.0,30.8,87,17,17,2051,397,61,MODERATE,aqi_history
1781494463,1781494464335.0,30.8,87,19,19,2033,399,66,MODERATE,aqi_history
1781494473,1781494474173.0,30.8,87,18,18,2035,399,63,MODERATE,aqi_history
1781494483,1781494484107.0,30.8,87,20,20,2052,399,68,MODERATE,aqi_history
1781494494,1781494495590.0,30.8,87,21,21,2058,395,70,MODERATE,aqi_history
1781494503,1781494504420.0,30.8,87,21,21,2064,394,70,MODERATE,aqi_history
1781494512,1781494513851.0,30.8,87,20,21,2055,400,68,MODERATE,aqi_history
1781494523,1781494523960.0,30.8,87,20,21,2050,395,68,MODERATE,aqi_history
1781494533,1781494534311.0,30.8,87,18,19,2032,399,63,MODERATE,aqi_history
1781494543,1781494544608.0,30.8,87,18,19,2024,391,63,MODERATE,aqi_history
1781494553,1781494554232.0,30.8,87,18,20,2026,399,63,MODERATE,aqi_history
1781494563,1781494564027.0,30.8,87,18,20,2042,396,63,MODERATE,aqi_history
1781494573,1781494574502.0,30.8,87,17,18,2039,394,61,MODERATE,aqi_history
1781494583,1781494584681.0,30.8,87,17,17,2057,395,61,MODERATE,aqi_history
1781494594,1781494595924.0,30.8,88,17,17,2045,397,61,MODERATE,aqi_history
1781494604,1781494605441.0,30.8,88,18,18,2039,396,63,MODERATE,aqi_history
1781494614,1781494615527.0,30.8,88,19,19,2080,397,66,MODERATE,aqi_history
1781494624,1781494625669.0,30.8,88,19,19,2045,399,66,MODERATE,aqi_history
1781494634,1781494635583.0,30.8,88,18,18,2035,392,63,MODERATE,aqi_history
1781494644,1781494645623.0,30.8,88,17,18,2035,393,61,MODERATE,aqi_history
1781494654,1781494656143.0,30.8,88,17,18,2047,394,61,MODERATE,aqi_history
1781494664,1781494665574.0,30.8,88,18,19,2049,394,63,MODERATE,aqi_history
1781494674,1781494675596.0,30.8,88,18,18,2065,395,63,MODERATE,aqi_history
1781494683,1781494684237.0,30.8,89,19,20,2069,399,66,MODERATE,aqi_history
1781494693,1781494694774.0,30.8,89,19,19,2051,394,66,MODERATE,aqi_history
1781494703,1781494704366.0,30.8,89,19,19,2046,396,66,MODERATE,aqi_history
1781494713,1781494714652.0,30.8,89,19,20,2066,395,66,MODERATE,aqi_history
1781494724,1781494725755.0,30.8,89,19,19,2051,398,66,MODERATE,aqi_history
1781494734,1781494735806.0,30.8,89,18,18,2028,389,63,MODERATE,aqi_history
1781494744,1781494745857.0,30.8,89,18,18,2068,395,63,MODERATE,aqi_history
1781494754,1781494755700.0,30.8,90,19,19,2039,399,66,MODERATE,aqi_history
1781494764,1781494765718.0,30.8,90,19,20,2028,397,66,MODERATE,aqi_history
1781494774,1781494775783.0,30.8,90,20,21,2040,396,68,MODERATE,aqi_history
1781494784,1781494786124.0,30.8,90,19,20,2032,396,66,MODERATE,aqi_history
1781494794,1781494795650.0,30.8,90,19,19,2035,398,66,MODERATE,aqi_history
1781494804,1781494805843.0,30.8,90,19,19,2020,393,66,MODERATE,aqi_history
1781494814,1781494815690.0,30.8,90,17,17,2013,398,61,MODERATE,aqi_history
1781494823,1781494824535.0,30.8,90,19,19,1963,387,66,MODERATE,aqi_history
1781494834,1781494835981.0,30.8,90,19,19,1994,391,66,MODERATE,aqi_history
1781494844,1781494845784.0,30.8,90,18,18,2007,394,63,MODERATE,aqi_history
1781494854,1781494855699.0,30.8,90,18,19,2048,395,63,MODERATE,aqi_history
1781494864,1781494865621.0,30.8,90,18,19,2043,392,63,MODERATE,aqi_history
1781494874,1781494875809.0,30.8,90,21,21,2000,388,70,MODERATE,aqi_history
1781494884,1781494885741.0,30.8,90,19,20,2032,393,66,MODERATE,aqi_history
1781494894,1781494895871.0,30.8,90,20,20,2035,392,68,MODERATE,aqi_history
1781494904,1781494906145.0,30.8,91,17,17,2064,398,61,MODERATE,aqi_history
1781494914,1781494916023.0,30.8,90,17,17,2069,398,61,MODERATE,aqi_history
1781494924,1781494926298.0,30.8,91,15,15,2064,397,57,MODERATE,aqi_history
1781494934,1781494935542.0,30.8,90,15,16,2068,399,57,MODERATE,aqi_history
1781494943,1781494944482.0,30.8,90,15,16,2078,400,57,MODERATE,aqi_history
1781494955,1781494956306.0,30.8,90,17,17,2041,400,61,MODERATE,aqi_history
1781494964,1781494965203.0,30.8,90,17,18,2076,403,61,MODERATE,aqi_history
1781494973,1781494974642.0,30.8,91,17,18,2070,403,61,MODERATE,aqi_history
1781494983,1781494984649.0,30.8,91,18,19,2094,407,63,MODERATE,aqi_history
1781494994,1781494995662.0,30.8,91,18,18,2101,411,63,MODERATE,aqi_history
1781495003,1781495004497.0,30.8,91,18,18,2131,412,63,MODERATE,aqi_history
1781495013,1781495014557.0,30.8,91,17,18,2102,412,61,MODERATE,aqi_history
1781495024,1781495025831.0,30.8,91,16,18,2088,403,59,MODERATE,aqi_history
1781495034,1781495036203.0,30.8,91,15,19,2100,414,57,MODERATE,aqi_history
1781495044,1781495045863.0,30.8,91,17,20,2092,409,61,MODERATE,aqi_history
1781495054,1781495055907.0,30.8,91,19,21,2081,414,66,MODERATE,aqi_history
1781495064,1781495065898.0,30.8,91,19,22,2062,412,66,MODERATE,aqi_history
1781495075,1781495075971.0,30.8,90,21,22,2070,407,70,MODERATE,aqi_history
1781495085,1781495085983.0,30.8,91,20,21,2057,409,68,MODERATE,aqi_history
1781495095,1781495096052.0,30.8,91,20,21,2065,408,68,MODERATE,aqi_history
1781495104,1781495105982.0,30.8,90,20,21,2035,411,68,MODERATE,aqi_history
1781495115,1781495116493.0,30.8,90,19,19,2033,407,66,MODERATE,aqi_history
1781495124,1781495126408.0,30.8,90,18,18,2039,412,63,MODERATE,aqi_history
1781495134,1781495136375.0,30.8,91,18,18,2065,403,63,MODERATE,aqi_history
1781495144,1781495146030.0,30.8,91,17,17,2061,408,61,MODERATE,aqi_history
1781495155,1781495156272.0,30.8,91,15,15,2059,408,57,MODERATE,aqi_history
1781495165,1781495166075.0,30.8,91,13,14,2067,413,53,MODERATE,aqi_history
1781495175,1781495176113.0,30.8,91,13,14,2073,416,53,MODERATE,aqi_history
1781495185,1781495186050.0,30.8,91,13,13,2095,412,53,MODERATE,aqi_history
1781495195,1781495196202.0,30.8,91,10,11,2106,416,42,GOOD,aqi_history
1781495204,1781495206307.0,30.8,91,9,9,2091,411,38,GOOD,aqi_history
1781495215,1781495216162.0,30.8,91,11,11,2126,421,46,GOOD,aqi_history
1781495225,1781495227826.0,30.8,91,12,12,2148,419,50,GOOD,aqi_history
1781495235,1781495236346.0,30.8,91,11,12,2097,420,46,GOOD,aqi_history
1781495245,1781495246053.0,30.8,91,13,14,2128,419,53,MODERATE,aqi_history
1781495255,1781495256216.0,30.8,91,12,14,2113,419,50,GOOD,aqi_history
1781495265,1781495266025.0,30.8,91,10,12,2116,416,42,GOOD,aqi_history
1781495275,1781495276006.0,30.8,91,11,12,2105,417,46,GOOD,aqi_history
1781495285,1781495286411.0,30.8,91,10,11,2129,419,42,GOOD,aqi_history
1781495295,1781495296420.0,30.8,91,9,9,2132,423,38,GOOD,aqi_history
1781495305,1781495306181.0,30.8,91,8,8,2161,422,33,GOOD,aqi_history
1781495315,1781495315958.0,30.8,91,8,8,2148,420,33,GOOD,aqi_history
1781495325,1781495326066.0,30.8,91,9,9,2105,416,38,GOOD,aqi_history
1781495335,1781495336095.0,30.8,91,11,11,2139,419,46,GOOD,aqi_history
1781495345,1781495346127.0,30.8,91,10,10,2122,418,42,GOOD,aqi_history
1781495355,1781495356435.0,30.8,91,9,9,2150,417,38,GOOD,aqi_history
1781495363,1781495364469.0,30.8,91,7,7,2139,416,29,GOOD,aqi_history
1781495373,1781495375281.0,30.8,91,7,7,2152,425,29,GOOD,aqi_history
1781495383,1781495384966.0,30.8,91,8,8,2124,422,33,GOOD,aqi_history
1781495393,1781495394461.0,30.8,91,9,9,2134,420,38,GOOD,aqi_history
1781495404,1781495405600.0,30.8,91,11,11,2050,416,46,GOOD,aqi_history
1781495415,1781495416057.0,30.8,91,15,15,2050,424,57,MODERATE,aqi_history
1781495424,1781495425825.0,30.8,91,16,16,2074,425,59,MODERATE,aqi_history
1781495435,1781495436394.0,30.8,91,16,17,2097,431,59,MODERATE,aqi_history
1781495445,1781495446071.0,30.8,91,17,18,2085,419,61,MODERATE,aqi_history
1781495455,1781495456173.0,30.8,91,18,20,2170,443,63,MODERATE,aqi_history
1781495465,1781495466209.0,30.8,91,20,22,2132,438,68,MODERATE,aqi_history
1781495475,1781495476313.0,30.8,91,21,23,2095,434,70,MODERATE,aqi_history
1781495485,1781495486110.0,30.8,91,21,23,2103,401,70,MODERATE,aqi_history
1781495495,1781495496122.0,30.8,91,21,23,1940,375,70,MODERATE,aqi_history
1781495505,1781495506284.0,31.3,91,21,23,2030,384,70,MODERATE,aqi_history
1781495515,1781495516273.0,31.3,91,20,21,1995,381,68,MODERATE,aqi_history
1781495525,1781495526114.0,31.3,90,20,21,2032,387,68,MODERATE,aqi_history
1781495535,1781495536567.0,31.3,90,21,23,2053,386,70,MODERATE,aqi_history
1781495545,1781495546155.0,31.3,90,21,24,2042,393,70,MODERATE,aqi_history
1781495555,1781495556344.0,31.3,89,20,23,1964,399,68,MODERATE,aqi_history
1781495565,1781495566182.0,31.3,89,20,23,1985,479,68,MODERATE,aqi_history
1781495575,1781495576227.0,31.3,89,22,24,1999,472,72,MODERATE,aqi_history
1781495585,1781495586375.0,31.3,89,22,23,1946,391,72,MODERATE,aqi_history
1781495595,1781495596625.0,31.3,88,22,22,1967,382,72,MODERATE,aqi_history
1781495605,1781495606485.0,31.3,88,21,21,1959,383,70,MODERATE,aqi_history
1781495615,1781495616368.0,31.3,88,21,21,1969,388,70,MODERATE,aqi_history
1781495625,1781495626232.0,31.3,88,21,21,1967,393,70,MODERATE,aqi_history
1781495635,1781495636414.0,31.3,88,22,22,1945,389,72,MODERATE,aqi_history
1781495645,1781495646159.0,31.3,88,23,23,1967,397,74,MODERATE,aqi_history
1781495655,1781495656746.0,31.3,88,23,23,1954,399,74,MODERATE,aqi_history
1781495665,1781495666310.0,31.3,88,24,24,1952,397,76,MODERATE,aqi_history
1781495675,1781495676556.0,31.3,87,25,25,1956,402,78,MODERATE,aqi_history
1781495685,1781495686242.0,31.3,87,24,24,1966,403,76,MODERATE,aqi_history
1781495695,1781495696865.0,31.3,87,26,26,1957,407,80,MODERATE,aqi_history
1781495705,1781495706173.0,31.3,87,26,26,1951,405,80,MODERATE,aqi_history
1781495715,1781495716829.0,31.3,87,26,26,1933,403,80,MODERATE,aqi_history
1781495725,1781495726229.0,31.3,86,25,26,1940,400,78,MODERATE,aqi_history
1781495734,1781495735740.0,31.3,87,25,26,1914,399,78,MODERATE,aqi_history
1781495745,1781495746083.0,31.3,86,26,27,1916,400,80,MODERATE,aqi_history
1781495753,1781495754728.0,31.3,87,27,27,1919,400,82,MODERATE,aqi_history
1781495764,1781495765185.0,31.3,87,28,28,1932,411,84,MODERATE,aqi_history
1781495773,1781495774740.0,31.3,87,27,27,1918,404,82,MODERATE,aqi_history
1781495784,1781495785956.0,31.3,87,26,26,1934,419,80,MODERATE,aqi_history
1781495794,1781495795121.0,31.3,87,26,26,1913,408,80,MODERATE,aqi_history
1781495804,1781495805944.0,31.3,87,26,26,1935,423,80,MODERATE,aqi_history
1781495815,1781495816783.0,31.3,87,25,25,1936,423,78,MODERATE,aqi_history
1781495825,1781495826376.0,31.3,87,25,25,1935,424,78,MODERATE,aqi_history
1781495835,1781495836490.0,31.3,87,24,24,1924,416,76,MODERATE,aqi_history
1781495845,1781495846705.0,31.3,87,23,23,1931,423,74,MODERATE,aqi_history
1781495855,1781495856323.0,31.3,87,23,23,1914,414,74,MODERATE,aqi_history
1781495864,1781495865396.0,31.3,87,25,25,1904,419,78,MODERATE,aqi_history
1781495874,1781495875579.0,31.3,87,24,25,1930,427,76,MODERATE,aqi_history
1781495885,1781495886782.0,31.3,87,24,25,1909,420,76,MODERATE,aqi_history
1781495895,1781495896438.0,31.3,87,26,26,1930,432,80,MODERATE,aqi_history
1781495905,1781495906356.0,31.3,87,25,25,1917,422,78,MODERATE,aqi_history
1781495915,1781495916702.0,31.3,87,26,26,1920,426,80,MODERATE,aqi_history
1781495923,1781495924828.0,31.3,87,25,25,1906,416,78,MODERATE,aqi_history
1781495933,1781495934407.0,31.3,87,25,25,1923,429,78,MODERATE,aqi_history
1781495943,1781495944481.0,31.3,87,26,26,1908,421,80,MODERATE,aqi_history
1781495953,1781495954396.0,31.3,87,27,27,1902,426,82,MODERATE,aqi_history
1781495963,1781495964770.0,31.3,87,28,28,1922,432,84,MODERATE,aqi_history
1781495973,1781495974490.0,31.3,87,30,30,1914,431,89,MODERATE,aqi_history
1781495983,1781495984390.0,31.3,87,30,30,1899,427,89,MODERATE,aqi_history
1781495993,1781495994446.0,31.3,87,28,29,1922,432,84,MODERATE,aqi_history
1781496003,1781496004654.0,31.3,87,27,28,1914,433,82,MODERATE,aqi_history
1781496013,1781496014407.0,31.3,87,27,27,1900,428,82,MODERATE,aqi_history
1781496023,1781496024432.0,31.3,87,28,28,1895,428,84,MODERATE,aqi_history
1781496033,1781496034470.0,31.3,87,30,30,1922,432,89,MODERATE,aqi_history
1781496043,1781496044820.0,31.3,87,29,29,1897,430,87,MODERATE,aqi_history
1781496053,1781496054432.0,31.3,87,28,29,1926,437,84,MODERATE,aqi_history
1781496063,1781496064430.0,31.3,87,30,32,1918,436,89,MODERATE,aqi_history
1781496073,1781496074948.0,31.3,87,31,33,1905,432,91,MODERATE,aqi_history
1781496083,1781496084627.0,31.3,87,31,34,1917,438,91,MODERATE,aqi_history
1781496093,1781496094434.0,31.3,87,32,35,1915,438,93,MODERATE,aqi_history
1781496103,1781496104500.0,31.3,87,32,36,1896,430,93,MODERATE,aqi_history
1781496113,1781496114457.0,31.3,87,33,36,1908,439,95,MODERATE,aqi_history
1781496123,1781496124455.0,31.3,87,34,37,1919,441,97,MODERATE,aqi_history
1781496133,1781496134595.0,31.3,87,35,39,1912,439,99,MODERATE,aqi_history
1781496143,1781496144500.0,31.3,87,35,39,1894,431,99,MODERATE,aqi_history
1781496153,1781496154482.0,31.3,87,35,38,1888,431,99,MODERATE,aqi_history
1781496163,1781496164694.0,31.3,87,35,39,1894,430,99,MODERATE,aqi_history
1781496173,1781496174516.0,31.3,87,36,40,1917,438,102,SENSITIVE,aqi_history
1781496183,1781496185035.0,31.3,87,36,40,1909,438,102,SENSITIVE,aqi_history
1781496193,1781496194505.0,31.3,87,36,42,1915,442,102,SENSITIVE,aqi_history
1781496203,1781496204979.0,31.3,87,37,45,1918,441,105,SENSITIVE,aqi_history
1781496213,1781496214501.0,31.3,87,36,43,1907,436,102,SENSITIVE,aqi_history
1781496223,1781496224521.0,31.3,87,37,45,1915,443,105,SENSITIVE,aqi_history
1781496233,1781496234567.0,31.3,87,38,45,1898,433,107,SENSITIVE,aqi_history
1781496243,1781496244585.0,31.3,87,38,44,1897,435,107,SENSITIVE,aqi_history
1781496253,1781496255066.0,31.3,87,40,47,1895,434,112,SENSITIVE,aqi_history
1781496263,1781496264667.0,31.3,87,39,45,1890,436,110,SENSITIVE,aqi_history
1781496273,1781496274903.0,31.3,87,38,44,1916,443,107,SENSITIVE,aqi_history
1781496283,1781496284828.0,31.3,87,39,45,1886,436,110,SENSITIVE,aqi_history
1781496293,1781496294673.0,31.3,87,39,45,1891,433,110,SENSITIVE,aqi_history
1781496303,1781496305098.0,31.3,87,39,45,1913,445,110,SENSITIVE,aqi_history
1781496313,1781496314592.0,31.3,87,40,47,1891,438,112,SENSITIVE,aqi_history
1781496323,1781496324627.0,31.3,87,40,47,1914,446,112,SENSITIVE,aqi_history
1781496333,1781496334810.0,31.3,87,40,48,1913,448,112,SENSITIVE,aqi_history
1781496343,1781496344645.0,31.3,87,40,48,1917,448,112,SENSITIVE,aqi_history
1781496353,1781496354603.0,31.3,87,40,47,1910,446,112,SENSITIVE,aqi_history
1781496363,1781496364598.0,31.3,87,41,49,1894,437,115,SENSITIVE,aqi_history
1781496373,1781496374847.0,31.3,87,41,49,1887,439,115,SENSITIVE,aqi_history
1781496383,1781496385088.0,31.3,87,40,49,1902,441,112,SENSITIVE,aqi_history
1781496393,1781496394711.0,31.3,87,40,46,1909,447,112,SENSITIVE,aqi_history
1781496403,1781496404621.0,31.3,87,40,46,1895,439,112,SENSITIVE,aqi_history
1781496413,1781496414797.0,31.3,87,40,47,1889,445,112,SENSITIVE,aqi_history
1781496423,1781496425095.0,31.3,87,40,47,1915,448,112,SENSITIVE,aqi_history
1781496433,1781496434834.0,31.3,87,39,46,1914,450,110,SENSITIVE,aqi_history
1781496443,1781496445305.0,31.3,87,40,47,1895,444,112,SENSITIVE,aqi_history
1781496453,1781496455694.0,31.3,87,40,47,1913,447,112,SENSITIVE,aqi_history
1781496463,1781496465139.0,31.3,87,39,46,1890,441,110,SENSITIVE,aqi_history
1781496473,1781496475163.0,31.3,87,40,47,1896,435,112,SENSITIVE,aqi_history
1781496483,1781496485343.0,31.3,87,40,47,1892,441,112,SENSITIVE,aqi_history
1781496493,1781496494932.0,31.3,87,40,48,1895,444,112,SENSITIVE,aqi_history
1781496503,1781496504992.0,31.3,87,40,48,1912,453,112,SENSITIVE,aqi_history
1781496513,1781496514681.0,31.3,87,39,48,1893,441,110,SENSITIVE,aqi_history
1781496523,1781496525051.0,31.3,87,40,47,1913,450,112,SENSITIVE,aqi_history
1781496533,1781496535340.0,31.3,87,41,49,1908,448,115,SENSITIVE,aqi_history
1781496543,1781496544911.0,31.3,87,42,49,1910,450,117,SENSITIVE,aqi_history
1781496553,1781496555279.0,31.3,87,41,48,1905,446,115,SENSITIVE,aqi_history
1781496563,1781496564995.0,31.3,87,40,46,1913,447,112,SENSITIVE,aqi_history
1781496573,1781496574810.0,31.3,87,40,46,1910,448,112,SENSITIVE,aqi_history
1781496583,1781496584951.0,31.3,87,41,47,1907,444,115,SENSITIVE,aqi_history
1781496593,1781496595182.0,31.3,87,40,46,1906,447,112,SENSITIVE,aqi_history
1781496603,1781496604833.0,31.3,87,41,49,1910,445,115,SENSITIVE,aqi_history
1781496613,1781496614950.0,31.3,87,40,47,1907,447,112,SENSITIVE,aqi_history
1781496623,1781496625264.0,31.3,87,40,47,1907,442,112,SENSITIVE,aqi_history
1781496633,1781496635240.0,31.3,87,41,49,1905,448,115,SENSITIVE,aqi_history
1781496643,1781496644881.0,31.3,87,40,48,1911,444,112,SENSITIVE,aqi_history
1781496653,1781496655434.0,31.3,87,41,48,1898,441,115,SENSITIVE,aqi_history
1781496663,1781496665038.0,31.3,87,42,49,1905,444,117,SENSITIVE,aqi_history
1781496673,1781496675368.0,31.3,87,42,49,1910,445,117,SENSITIVE,aqi_history
1781496683,1781496685292.0,31.3,87,41,48,1901,444,115,SENSITIVE,aqi_history
1781496693,1781496695130.0,31.3,86,42,49,1909,444,117,SENSITIVE,aqi_history
1781496703,1781496704975.0,31.3,86,41,48,1903,444,115,SENSITIVE,aqi_history
1781496713,1781496715289.0,31.3,87,42,49,1906,441,117,SENSITIVE,aqi_history
1781496723,1781496725124.0,31.3,87,42,49,1904,444,117,SENSITIVE,aqi_history
1781496733,1781496734800.0,31.3,86,41,49,1906,443,115,SENSITIVE,aqi_history
1781496743,1781496745352.0,31.3,87,40,48,1902,444,112,SENSITIVE,aqi_history
1781496753,1781496755024.0,31.3,86,40,48,1896,439,112,SENSITIVE,aqi_history
1781496763,1781496765125.0,31.3,86,40,48,1902,441,112,SENSITIVE,aqi_history
1781496773,1781496775207.0,31.3,86,41,49,1904,443,115,SENSITIVE,aqi_history
1781496783,1781496785035.0,31.3,86,42,50,1898,438,117,SENSITIVE,aqi_history
1781496793,1781496794805.0,31.3,87,42,50,1904,441,117,SENSITIVE,aqi_history
1781496803,1781496805448.0,31.3,87,42,50,1907,442,117,SENSITIVE,aqi_history
1781496813,1781496815142.0,31.3,88,44,52,1901,441,122,SENSITIVE,aqi_history
1781496823,1781496825196.0,31.3,89,44,53,1910,443,122,SENSITIVE,aqi_history
1781496833,1781496834897.0,31.3,90,43,53,1909,446,119,SENSITIVE,aqi_history
1781496843,1781496844933.0,31.3,90,48,60,1915,444,132,SENSITIVE,aqi_history
1781496853,1781496854863.0,31.3,90,52,65,1906,444,142,SENSITIVE,aqi_history
1781496863,1781496864891.0,31.3,90,61,70,1917,446,154,UNHEALTHY,aqi_history
1781496873,1781496874886.0,31.3,90,64,72,1917,454,155,UNHEALTHY,aqi_history
1781496883,1781496884863.0,31.3,90,66,73,1907,454,156,UNHEALTHY,aqi_history
1781496893,1781496895229.0,31.3,90,66,73,1915,452,156,UNHEALTHY,aqi_history
1781496903,1781496905194.0,31.3,90,66,73,1916,454,156,UNHEALTHY,aqi_history
1781496913,1781496915309.0,31.3,90,65,72,1912,450,156,UNHEALTHY,aqi_history
1781496923,1781496924851.0,31.3,90,64,71,1895,447,155,UNHEALTHY,aqi_history
1781496933,1781496934946.0,31.3,90,65,72,1925,456,156,UNHEALTHY,aqi_history
1781496943,1781496945372.0,31.3,90,63,72,1918,455,155,UNHEALTHY,aqi_history
1781496953,1781496954923.0,31.3,90,63,72,1915,451,155,UNHEALTHY,aqi_history
1781496963,1781496965071.0,31.3,90,63,71,1916,456,155,UNHEALTHY,aqi_history
1781496974,1781496975146.0,31.3,90,63,72,1921,455,155,UNHEALTHY,aqi_history
1781496983,1781496985364.0,31.3,90,61,71,1905,452,154,UNHEALTHY,aqi_history
1781496993,1781496994948.0,31.3,90,61,70,1918,454,154,UNHEALTHY,aqi_history
1781497003,1781497005089.0,31.3,90,62,70,1915,453,154,UNHEALTHY,aqi_history
1781497013,1781497015049.0,31.3,90,62,71,1901,448,154,UNHEALTHY,aqi_history
1781497023,1781497024988.0,31.3,90,59,69,1916,453,153,UNHEALTHY,aqi_history
1781497033,1781497035038.0,31.3,90,63,72,1897,444,155,UNHEALTHY,aqi_history
1781497044,1781497045391.0,31.3,90,62,71,1895,448,154,UNHEALTHY,aqi_history
1781497053,1781497055308.0,31.3,90,62,72,1890,451,154,UNHEALTHY,aqi_history
1781497063,1781497065046.0,31.3,90,63,73,1920,460,155,UNHEALTHY,aqi_history
1781497073,1781497075225.0,31.3,90,64,73,1915,459,155,UNHEALTHY,aqi_history
1781497083,1781497085346.0,31.3,90,63,73,1914,457,155,UNHEALTHY,aqi_history
1781497093,1781497095533.0,31.3,90,63,73,1914,458,155,UNHEALTHY,aqi_history
1781497104,1781497105057.0,31.3,90,63,72,1913,458,155,UNHEALTHY,aqi_history
1781497113,1781497115307.0,31.3,90,66,73,1914,458,156,UNHEALTHY,aqi_history
1781497124,1781497125125.0,31.3,90,66,73,1918,454,156,UNHEALTHY,aqi_history
1781497134,1781497135369.0,31.3,90,66,74,1925,482,156,UNHEALTHY,aqi_history
1781497144,1781497145352.0,31.3,91,68,75,1920,489,157,UNHEALTHY,aqi_history
1781497154,1781497155505.0,31.3,91,68,75,1888,462,157,UNHEALTHY,aqi_history
1781497164,1781497165001.0,31.3,91,68,75,1873,482,157,UNHEALTHY,aqi_history
1781497174,1781497175646.0,31.3,91,66,73,1807,458,156,UNHEALTHY,aqi_history
1781497184,1781497185708.0,31.3,91,66,73,1811,447,156,UNHEALTHY,aqi_history
1781497194,1781497195347.0,31.3,91,66,73,1844,446,156,UNHEALTHY,aqi_history
1781497204,1781497205476.0,31.5,91,64,72,1870,448,155,UNHEALTHY,aqi_history
1781497214,1781497215394.0,31.8,90,64,72,1885,446,155,UNHEALTHY,aqi_history
1781497224,1781497225734.0,31.8,91,65,73,1884,443,156,UNHEALTHY,aqi_history
1781497234,1781497235525.0,31.8,91,64,70,1899,443,155,UNHEALTHY,aqi_history
1781497244,1781497247157.0,31.8,91,64,70,1911,439,155,UNHEALTHY,aqi_history
1781497254,1781497258221.0,31.8,91,65,72,1914,440,156,UNHEALTHY,aqi_history
1781497264,1781497265222.0,31.8,91,64,72,1926,438,155,UNHEALTHY,aqi_history
1781497274,1781497275368.0,31.8,91,62,71,1925,437,154,UNHEALTHY,aqi_history
1781497284,1781497285342.0,31.8,91,63,72,1936,434,155,UNHEALTHY,aqi_history
1781497294,1781497295312.0,31.8,91,62,71,1928,432,154,UNHEALTHY,aqi_history
1781497304,1781497305457.0,31.8,91,62,71,1940,432,154,UNHEALTHY,aqi_history
1781497314,1781497315526.0,31.8,91,63,72,1937,432,155,UNHEALTHY,aqi_history
1781497324,1781497328208.0,31.8,91,64,72,1938,430,155,UNHEALTHY,aqi_history
1781497334,1781497335522.0,31.8,91,64,72,1936,431,155,UNHEALTHY,aqi_history
1781497344,1781497345380.0,31.8,91,65,73,1950,431,156,UNHEALTHY,aqi_history
1781497354,1781497355222.0,31.8,91,65,72,1950,430,156,UNHEALTHY,aqi_history
1781497364,1781497365765.0,31.8,91,62,71,1925,420,154,UNHEALTHY,aqi_history
1781497374,1781497375795.0,31.8,91,62,71,1946,423,154,UNHEALTHY,aqi_history
1781497384,1781497385412.0,31.8,91,62,71,1943,426,154,UNHEALTHY,aqi_history
1781497394,1781497395717.0,31.8,91,60,70,1956,425,153,UNHEALTHY,aqi_history
1781497404,1781497405530.0,31.8,91,59,69,1949,427,153,UNHEALTHY,aqi_history
1781497414,1781497415708.0,31.8,91,58,68,1956,425,152,UNHEALTHY,aqi_history
1781497424,1781497425651.0,31.8,91,56,67,1954,424,151,UNHEALTHY,aqi_history
1781497434,1781497437603.0,31.8,90,58,70,1956,421,152,UNHEALTHY,aqi_history
1781497444,1781497445476.0,31.8,91,57,69,1954,423,152,UNHEALTHY,aqi_history
1781497454,1781497455586.0,31.8,90,58,70,1962,424,152,UNHEALTHY,aqi_history
1781497464,1781497465437.0,31.8,90,58,69,1965,423,152,UNHEALTHY,aqi_history
1781497474,1781497483927.0,31.8,90,58,68,1955,422,152,UNHEALTHY,aqi_history
1781497484,1781497492570.0,31.8,90,58,68,1938,412,152,UNHEALTHY,aqi_history
1781497494,1781497495407.0,31.8,90,58,70,1930,411,152,UNHEALTHY,aqi_history
1781497504,1781497505469.0,31.8,90,57,69,1960,419,152,UNHEALTHY,aqi_history
1781497514,1781497515296.0,31.8,90,58,69,1968,423,152,UNHEALTHY,aqi_history
1781497524,1781497525533.0,31.8,90,57,68,1977,421,152,UNHEALTHY,aqi_history
1781497534,1781497548704.0,31.8,90,57,69,1961,421,152,UNHEALTHY,aqi_history
1781497548,1781497557549.0,31.8,90,57,69,1941,412,152,UNHEALTHY,aqi_history
1781497558,1781497564799.0,31.8,90,60,69,1941,410,153,UNHEALTHY,aqi_history
1781497569,1781497570134.0,31.8,90,57,67,1970,421,152,UNHEALTHY,aqi_history
1781498538,1781498540359.0,31.8,90,46,55,1863,473,127,SENSITIVE,aqi_history
1781498548,1781498552876.0,31.8,90,44,54,1882,479,122,SENSITIVE,aqi_history
1781498558,1781498560042.0,31.8,90,44,53,1909,487,122,SENSITIVE,aqi_history
1781498568,1781498570378.0,31.8,90,44,53,1919,488,122,SENSITIVE,aqi_history
1781498579,1781498580121.0,31.8,90,46,55,1926,485,127,SENSITIVE,aqi_history
1781498589,1781498593445.0,31.8,90,47,56,1943,483,129,SENSITIVE,aqi_history
1781498599,1781498600402.0,31.8,90,46,56,1940,479,127,SENSITIVE,aqi_history
1781498609,1781498610205.0,31.8,90,44,54,1943,468,122,SENSITIVE,aqi_history
1781498619,1781498620833.0,31.8,90,44,53,1943,470,122,SENSITIVE,aqi_history
1781498629,1781498630345.0,31.8,90,44,53,1957,465,122,SENSITIVE,aqi_history
1781498639,1781498640162.0,31.8,90,43,51,1955,462,119,SENSITIVE,aqi_history
1781498649,1781498650049.0,31.8,90,43,51,1964,462,119,SENSITIVE,aqi_history
1781498669,1781498670222.0,31.8,90,43,51,1944,449,119,SENSITIVE,aqi_history
1781498679,1781498680172.0,31.8,90,43,51,1938,448,119,SENSITIVE,aqi_history
1781498689,1781498690098.0,31.8,89,43,51,1941,447,119,SENSITIVE,aqi_history
1781498699,1781498700062.0,31.8,89,45,54,1944,440,124,SENSITIVE,aqi_history
1781498709,1781498710815.0,31.8,88,44,52,1945,443,122,SENSITIVE,aqi_history
1781498719,1781498720513.0,31.3,88,43,51,1978,449,119,SENSITIVE,aqi_history
1781498729,1781498730890.0,31.3,88,44,52,1978,451,122,SENSITIVE,aqi_history
1781498739,1781498740082.0,31.3,87,44,52,1961,442,122,SENSITIVE,aqi_history
1781498749,1781498750190.0,31.3,87,42,51,1978,449,117,SENSITIVE,aqi_history
1781498759,1781498760065.0,31.3,87,43,52,1985,449,119,SENSITIVE,aqi_history
1781498769,1781498770369.0,31.3,87,43,52,1979,443,119,SENSITIVE,aqi_history
1781498779,1781498780513.0,31.3,87,42,51,1961,435,117,SENSITIVE,aqi_history
1781498789,1781498790422.0,31.3,87,43,51,1982,442,119,SENSITIVE,aqi_history
1781498799,1781498800076.0,31.3,87,42,50,1983,441,117,SENSITIVE,aqi_history
1781498809,1781498810094.0,31.3,87,42,50,1983,436,117,SENSITIVE,aqi_history
1781498819,1781498820239.0,31.3,86,41,49,1982,438,115,SENSITIVE,aqi_history
1781498829,1781498830145.0,31.3,86,42,50,1991,439,117,SENSITIVE,aqi_history
1781498839,1781498840563.0,31.3,86,41,49,1982,439,115,SENSITIVE,aqi_history
1781498849,1781498852814.0,31.3,86,41,49,1978,435,115,SENSITIVE,aqi_history
1781498859,1781498860727.0,31.3,86,42,49,1985,437,117,SENSITIVE,aqi_history
1781498869,1781498870204.0,31.3,86,43,50,1994,437,119,SENSITIVE,aqi_history
1781498879,1781498880233.0,31.3,86,41,48,1977,436,115,SENSITIVE,aqi_history
1781498889,1781498890280.0,31.3,86,41,48,1969,429,115,SENSITIVE,aqi_history
1781498899,1781498900753.0,31.3,86,41,48,1986,435,115,SENSITIVE,aqi_history
1781498909,1781498915363.0,31.3,86,41,47,1989,433,115,SENSITIVE,aqi_history
1781498919,1781498920559.0,31.3,87,40,47,1986,434,112,SENSITIVE,aqi_history
1781499053,1781499054869.0,31.3,87,40,47,2006,434,112,SENSITIVE,aqi_history
1781499063,1781499064648.0,31.3,87,41,48,1997,434,115,SENSITIVE,aqi_history
1781499073,1781499075240.0,31.3,87,41,48,2001,434,115,SENSITIVE,aqi_history
1781499083,1781499084848.0,31.3,87,40,48,1994,433,112,SENSITIVE,aqi_history
1781499093,1781499095257.0,31.3,86,42,49,2000,435,117,SENSITIVE,aqi_history
1781499103,1781499104784.0,31.3,86,42,50,2001,429,117,SENSITIVE,aqi_history
1781499113,1781499115223.0,31.3,86,40,47,1990,422,112,SENSITIVE,aqi_history
1781499123,1781499125043.0,31.3,86,40,47,2000,424,112,SENSITIVE,aqi_history
1781499133,1781499134821.0,31.3,86,42,49,1991,426,117,SENSITIVE,aqi_history
1781499143,1781499144941.0,31.4,86,40,47,1996,425,112,SENSITIVE,aqi_history
1781499153,1781499155251.0,31.8,86,41,49,1987,428,115,SENSITIVE,aqi_history
1781499163,1781499164695.0,31.8,86,42,49,1994,428,117,SENSITIVE,aqi_history
1781499173,1781499174866.0,31.8,86,41,49,1985,429,115,SENSITIVE,aqi_history
1781499183,1781499184718.0,31.8,86,40,48,1984,428,112,SENSITIVE,aqi_history
1781499193,1781499195391.0,31.8,86,40,48,1989,432,112,SENSITIVE,aqi_history
1781499203,1781499204967.0,31.8,86,42,50,1989,431,117,SENSITIVE,aqi_history
1781499213,1781499215207.0,31.8,86,40,48,1992,431,112,SENSITIVE,aqi_history
1781499223,1781499225037.0,31.8,86,40,48,1985,432,112,SENSITIVE,aqi_history
1781499233,1781499235320.0,31.8,86,40,47,1990,431,112,SENSITIVE,aqi_history
1781499243,1781499244909.0,31.8,86,40,47,1976,430,112,SENSITIVE,aqi_history
1781499253,1781499255031.0,31.8,86,39,46,1980,428,110,SENSITIVE,aqi_history
1781499263,1781499265327.0,31.8,86,38,45,1980,432,107,SENSITIVE,aqi_history
1781499273,1781499276203.0,31.8,86,38,45,1982,430,107,SENSITIVE,aqi_history
1781499283,1781499284979.0,31.8,86,39,46,1974,429,110,SENSITIVE,aqi_history
1781499293,1781499295097.0,31.8,86,38,45,1989,431,107,SENSITIVE,aqi_history
1781499426,1781499427929.0,31.8,86,40,47,1982,427,112,SENSITIVE,aqi_history
1781499436,1781499437627.0,31.8,86,39,45,1969,425,110,SENSITIVE,aqi_history
1781499446,1781499447618.0,31.8,86,39,46,1980,417,110,SENSITIVE,aqi_history
1781499456,1781499457918.0,31.8,86,39,46,1976,419,110,SENSITIVE,aqi_history
1781499466,1781499467594.0,31.8,86,39,45,1980,420,110,SENSITIVE,aqi_history
1781499476,1781499477872.0,31.8,86,39,45,1975,424,110,SENSITIVE,aqi_history
1781499486,1781499487945.0,31.8,86,38,44,1979,426,107,SENSITIVE,aqi_history
1781499537,1781499548692.0,31.8,86,37,43,1976,430,105,SENSITIVE,aqi_history
1781499548,1781499549977.0,31.8,86,37,43,1948,421,105,SENSITIVE,aqi_history
1781499750,1781499752333.0,31.8,86,39,45,1976,420,110,SENSITIVE,aqi_history
1781499760,1781499762279.0,31.8,85,35,40,1981,418,99,MODERATE,aqi_history
1781499770,1781499771992.0,31.8,85,36,40,1971,418,102,SENSITIVE,aqi_history
1781499781,1781499782052.0,31.8,85,36,41,1983,417,102,SENSITIVE,aqi_history
1781499791,1781499792321.0,31.8,85,36,40,1970,415,102,SENSITIVE,aqi_history
1781499801,1781499801998.0,31.8,85,36,40,1983,415,102,SENSITIVE,aqi_history
1781499811,1781499812330.0,31.8,85,36,42,1978,413,102,SENSITIVE,aqi_history
1781499821,1781499822038.0,31.8,85,36,41,1982,413,102,SENSITIVE,aqi_history
1781499831,1781499834157.0,31.8,85,35,40,1980,413,99,MODERATE,aqi_history
1781499841,1781499842146.0,31.8,85,35,40,1978,415,99,MODERATE,aqi_history
1781499851,1781499852027.0,31.8,85,34,38,1981,413,97,MODERATE,aqi_history
1781499861,1781499862033.0,31.8,85,35,40,1967,409,99,MODERATE,aqi_history
1781499871,1781499872087.0,31.8,85,35,40,1982,414,99,MODERATE,aqi_history
1781499881,1781499882093.0,31.8,85,36,41,1978,414,102,SENSITIVE,aqi_history
1781499891,1781499892062.0,31.8,85,36,40,1984,412,102,SENSITIVE,aqi_history
1781499901,1781499902492.0,31.8,85,34,39,1972,411,97,MODERATE,aqi_history
1781499911,1781499912416.0,31.8,85,34,38,1985,412,97,MODERATE,aqi_history
1781499921,1781499922076.0,31.8,85,35,40,1973,412,99,MODERATE,aqi_history
1781499931,1781499932581.0,31.8,85,36,40,1976,410,102,SENSITIVE,aqi_history
1781499941,1781499942102.0,31.8,85,35,40,1975,413,99,MODERATE,aqi_history
1781499951,1781499952105.0,31.6,85,36,41,1974,414,102,SENSITIVE,aqi_history
1781499961,1781499964905.0,31.5,85,35,40,1977,409,99,MODERATE,aqi_history
1781499971,1781499972185.0,31.6,85,34,38,1979,413,97,MODERATE,aqi_history
1781499981,1781499982119.0,31.3,85,34,38,1983,412,97,MODERATE,aqi_history
1781499991,1781499992116.0,31.3,85,33,38,1976,412,95,MODERATE,aqi_history
1781500001,1781500002102.0,31.3,85,34,40,1977,408,97,MODERATE,aqi_history
1781500011,1781500012099.0,31.3,85,36,40,1979,412,102,SENSITIVE,aqi_history
1781500021,1781500022135.0,31.3,85,35,39,1984,409,99,MODERATE,aqi_history
1781500031,1781500032184.0,31.3,85,35,39,1967,408,99,MODERATE,aqi_history
1781500061,1781500062282.0,31.3,85,35,38,1982,411,99,MODERATE,aqi_history
1781500071,1781500072487.0,31.3,85,34,37,1981,409,97,MODERATE,aqi_history
1781500081,1781500082123.0,31.3,85,35,38,1976,412,99,MODERATE,aqi_history
1781500091,1781500092215.0,31.3,85,33,38,1958,403,95,MODERATE,aqi_history
1781500101,1781500102226.0,31.3,84,34,38,1970,407,97,MODERATE,aqi_history
1781500111,1781500112492.0,31.3,85,33,37,1984,408,95,MODERATE,aqi_history
1781500121,1781500122185.0,31.3,84,33,36,1980,411,95,MODERATE,aqi_history
1781500131,1781500132192.0,31.3,84,32,34,1977,407,93,MODERATE,aqi_history
1781500141,1781500142203.0,31.3,85,31,34,1980,412,91,MODERATE,aqi_history
1781500151,1781500152218.0,31.3,84,32,35,1982,409,93,MODERATE,aqi_history
1781500161,1781500162249.0,31.3,85,33,37,1977,410,95,MODERATE,aqi_history
1781500171,1781500172205.0,31.3,84,33,37,1976,412,95,MODERATE,aqi_history
1781500181,1781500182409.0,31.3,84,32,35,1982,407,93,MODERATE,aqi_history
1781500191,1781500192199.0,31.3,84,33,37,1975,410,95,MODERATE,aqi_history
1781500201,1781500203093.0,31.3,84,33,37,1973,404,95,MODERATE,aqi_history
1781500221,1781500222252.0,31.3,84,31,33,1978,406,91,MODERATE,aqi_history
1781500231,1781500233533.0,31.3,84,32,34,1951,400,93,MODERATE,aqi_history
1781500241,1781500242575.0,31.3,84,32,34,1973,403,93,MODERATE,aqi_history
1781500271,1781500272238.0,31.3,84,33,35,1963,401,95,MODERATE,aqi_history
1781500281,1781500282593.0,31.3,84,31,33,1979,404,91,MODERATE,aqi_history
1781500291,1781500292348.0,31.3,84,31,33,1952,394,91,MODERATE,aqi_history
1779273305067,,22.2,81,64,72,1188,1497,155,UNHEALTHY,sensor_1
1779273315503,,22.2,81,54,65,1280,1487,147,SENSITIVE,sensor_1
1779273325483,,22.2,81,52,62,1104,1479,142,SENSITIVE,sensor_1
1779273335171,,22.2,81,74,77,901,1504,161,UNHEALTHY,sensor_1
1779273345097,,22.6,81,74,77,1022,1570,161,UNHEALTHY,sensor_1
1779273355141,,22.6,81,73,76,1221,1451,160,UNHEALTHY,sensor_1
1779273365124,,22.6,81,72,76,1013,1535,160,UNHEALTHY,sensor_1
1779273375164,,22.6,81,72,76,958,1514,160,UNHEALTHY,sensor_1
1779273385142,,22.6,81,71,75,1199,1477,159,UNHEALTHY,sensor_1
1779273395138,,22.6,81,71,75,756,1488,159,UNHEALTHY,sensor_1
1779273405515,,22.6,81,70,75,1042,1429,158,UNHEALTHY,sensor_1
1779273415518,,22.6,81,70,75,1023,1440,158,UNHEALTHY,sensor_1
1779273425172,,22.6,81,102,111,1047,1531,175,UNHEALTHY,sensor_1
1779273435190,,22.6,81,103,111,1149,1437,176,UNHEALTHY,sensor_1
1779273445632,,22.6,81,33,33,979,1535,95,MODERATE,sensor_1
1779273455187,,22.6,81,7,9,1136,1488,29,GOOD,sensor_1
1779273465547,,22.6,81,6,7,1062,1459,25,GOOD,sensor_1
1779273475213,,22.6,80,1,1,897,1466,4,GOOD,sensor_1
1779273485234,,22.6,80,1,1,1008,1488,4,GOOD,sensor_1
1779273495216,,22.6,80,1,1,1177,1377,4,GOOD,sensor_1
1779273505623,,22.6,80,1,1,1019,1494,4,GOOD,sensor_1
1779273515719,,22.6,79,1,1,757,1445,4,GOOD,sensor_1
1779273685696,,22.2,77,1,1,1191,1456,4,GOOD,sensor_1
1779273725877,,22.6,77,1,1,1075,1322,4,GOOD,sensor_1
1779273735418,,22.6,77,3,4,879,1410,13,GOOD,sensor_1
1779273745903,,22.6,77,1,1,1214,1376,4,GOOD,sensor_1
1779273755422,,22.6,77,1,1,945,1376,4,GOOD,sensor_1
1779273935598,,22.6,78,1,1,1135,1335,4,GOOD,sensor_1
1779273966104,,22.6,79,1,1,916,1427,4,GOOD,sensor_1
1779273975590,,22.6,78,1,1,1235,1374,4,GOOD,sensor_1
1779273985527,,22.6,78,1,1,937,1379,4,GOOD,sensor_1
1779273995627,,22.6,78,1,1,784,1379,4,GOOD,sensor_1
1779274005595,,22.6,78,1,1,807,1409,4,GOOD,sensor_1
1779274015570,,22.6,78,1,1,942,1328,4,GOOD,sensor_1
1779274045899,,22.7,79,1,1,1243,1328,4,GOOD,sensor_1
1779274055982,,22.8,79,1,1,1106,1393,4,GOOD,sensor_1
1779274065746,,23.0,79,1,1,1088,1328,4,GOOD,sensor_1
1779274195763,,22.6,78,1,1,940,1285,4,GOOD,sensor_1
1779274205779,,22.6,78,1,1,1052,1293,4,GOOD,sensor_1
1779274215669,,22.6,78,1,1,1234,1363,4,GOOD,sensor_1
1779274316127,,23.0,78,1,1,1136,1264,4,GOOD,sensor_1
1779274325759,,23.0,78,1,1,1211,1286,4,GOOD,sensor_1
1779274335742,,23.0,78,1,1,857,1297,4,GOOD,sensor_1
1779274345753,,23.0,78,1,1,965,1296,4,GOOD,sensor_1
1779274355707,,23.0,78,1,1,800,1264,4,GOOD,sensor_1
1779274476410,,23.0,77,1,1,824,1287,4,GOOD,sensor_1
1779274485806,,23.0,77,1,1,809,1269,4,GOOD,sensor_1
1779274496192,,23.0,77,1,1,641,1277,4,GOOD,sensor_1
1779274506195,,23.0,77,1,1,2063,1280,4,GOOD,sensor_1
1779274516097,,23.0,77,1,1,2108,1325,4,GOOD,sensor_1
1779274525838,,23.0,77,1,1,2033,1235,4,GOOD,sensor_1
1779274545911,,23.0,77,1,1,2075,1293,4,GOOD,sensor_1
1779274555857,,23.0,77,1,1,2070,1283,4,GOOD,sensor_1
1779274566203,,23.0,77,2,2,2064,1283,8,GOOD,sensor_1
1779274576200,,23.0,77,2,2,2106,1330,8,GOOD,sensor_1
1779274751900,,23.0,77,108,114,2075,1295,178,UNHEALTHY,sensor_1
1779274761820,,23.0,77,108,114,2032,1249,178,UNHEALTHY,sensor_1
1779274772097,,23.0,77,108,114,2157,1335,178,UNHEALTHY,sensor_1
1779274782413,,23.0,77,108,114,2025,1237,178,UNHEALTHY,sensor_1
1779274791974,,23.0,77,15,15,2124,1346,57,MODERATE,sensor_1
1779274801942,,23.0,77,4,4,2080,1281,17,GOOD,sensor_1
1779274811878,,23.0,77,4,4,2085,1294,17,GOOD,sensor_1
1779274821823,,23.0,77,3,3,2007,1218,13,GOOD,sensor_1
1779274831838,,23.0,77,3,3,2080,1299,13,GOOD,sensor_1
1779274841899,,23.0,77,2,2,2041,1274,8,GOOD,sensor_1
1779274852209,,23.0,77,3,3,2037,1264,13,GOOD,sensor_1
1779274861814,,23.0,77,4,4,2032,1259,17,GOOD,sensor_1
1779274872082,,23.0,77,4,4,2032,1264,17,GOOD,sensor_1
1779274882233,,23.0,77,4,6,2026,1243,17,GOOD,sensor_1
1779274891842,,23.0,77,4,6,2075,1301,17,GOOD,sensor_1
1779274902212,,23.0,77,4,4,2005,1215,17,GOOD,sensor_1
1779274911829,,23.0,77,4,4,2086,1302,17,GOOD,sensor_1
1779274922012,,23.0,77,4,4,2030,1263,17,GOOD,sensor_1
1779274932218,,23.0,77,4,4,2069,1271,17,GOOD,sensor_1
1779274941899,,23.0,77,4,4,2054,1271,17,GOOD,sensor_1
1779274951876,,23.0,77,4,4,2106,1324,17,GOOD,sensor_1
1779274961945,,23.0,77,2,2,2032,1239,8,GOOD,sensor_1
1779274971869,,23.0,77,2,2,2086,1307,8,GOOD,sensor_1
1779274982500,,23.0,77,5,8,2016,1221,21,GOOD,sensor_1
1779274991911,,23.0,77,5,8,1996,1184,21,GOOD,sensor_1
1779275002300,,23.0,77,7,8,2089,1302,29,GOOD,sensor_1
1779275011978,,23.0,77,7,8,2003,1211,29,GOOD,sensor_1
1779275022294,,23.0,77,7,7,2047,1270,29,GOOD,sensor_1
1779275032106,,23.0,77,5,5,2038,1253,21,GOOD,sensor_1
1779275041968,,23.0,77,2,2,2035,1265,8,GOOD,sensor_1
1779275052325,,23.0,77,2,2,2032,1258,8,GOOD,sensor_1
1779275062096,,23.0,77,4,4,2022,1237,17,GOOD,sensor_1
1779275071915,,23.0,77,4,4,2000,1216,17,GOOD,sensor_1
1779275082005,,23.0,77,7,7,2094,1294,29,GOOD,sensor_1
1779275092019,,23.0,77,5,7,2007,1201,21,GOOD,sensor_1
1779275101972,,23.0,77,6,6,2038,1253,25,GOOD,sensor_1
1779275112347,,23.0,77,6,6,2045,1263,25,GOOD,sensor_1
1779275121992,,23.0,77,6,6,2033,1251,25,GOOD,sensor_1
1779275132053,,23.0,77,6,6,2060,1264,25,GOOD,sensor_1
1779275142450,,23.0,77,6,6,2067,1286,25,GOOD,sensor_1
1779275152042,,23.0,77,5,5,2002,1207,21,GOOD,sensor_1
1779275162032,,23.0,77,7,7,2086,1095,29,GOOD,sensor_1
1779275172071,,23.0,77,7,7,2032,1237,29,GOOD,sensor_1
1779275182047,,23.0,77,7,8,2058,1264,29,GOOD,sensor_1
1779275192372,,23.0,77,7,8,2032,1248,29,GOOD,sensor_1
1779275202473,,23.0,77,5,5,2046,1261,21,GOOD,sensor_1
1779275212341,,23.0,77,5,5,2077,1300,21,GOOD,sensor_1
1779275222085,,23.0,77,6,6,2045,1232,25,GOOD,sensor_1
1779275232056,,23.0,77,6,6,2065,1238,25,GOOD,sensor_1
1779275242466,,23.0,77,4,4,2058,1230,17,GOOD,sensor_1
1779275252041,,23.2,77,4,4,2085,1258,17,GOOD,sensor_1
1779275262517,,23.4,77,4,4,2021,1185,17,GOOD,sensor_1
1779275272417,,23.4,77,4,4,2099,1277,17,GOOD,sensor_1
1779275282160,,23.4,77,3,3,2045,1225,13,GOOD,sensor_1
1779275292269,,23.4,77,3,3,2071,1234,13,GOOD,sensor_1
1779275302103,,23.4,77,4,5,2001,1167,17,GOOD,sensor_1
1779275312154,,23.0,77,4,5,2063,1241,17,GOOD,sensor_1
1779275322410,,23.0,77,5,5,2004,1169,21,GOOD,sensor_1
1779275332423,,23.0,77,6,6,2095,1268,25,GOOD,sensor_1
1779275342712,,23.0,77,4,4,2047,1237,17,GOOD,sensor_1
1779275352471,,23.0,77,4,4,2043,1211,17,GOOD,sensor_1
1779275362145,,23.0,77,4,6,2061,1233,17,GOOD,sensor_1
1779275372171,,23.0,77,4,6,2070,1232,17,GOOD,sensor_1
1779275382184,,23.0,77,5,5,2010,1169,21,GOOD,sensor_1
1779275392122,,23.0,77,5,5,2097,1264,21,GOOD,sensor_1
1779275402134,,23.0,77,2,4,2047,1232,8,GOOD,sensor_1
1779275412158,,23.1,77,2,4,2064,1232,8,GOOD,sensor_1
1779275422183,,23.1,77,1,2,2070,1247,4,GOOD,sensor_1
1779275432214,,23.3,77,1,2,2043,1216,4,GOOD,sensor_1
1779275442179,,23.4,77,1,2,2065,1217,4,GOOD,sensor_1
1779275452299,,23.3,77,2,4,2035,1199,8,GOOD,sensor_1
1779275462623,,23.4,77,3,4,2033,1200,13,GOOD,sensor_1
1779275472257,,23.4,77,4,4,2039,1213,17,GOOD,sensor_1
1779275482618,,23.4,77,4,4,2036,1203,17,GOOD,sensor_1
1779275492167,,23.4,77,5,5,2006,1165,21,GOOD,sensor_1
1779275502199,,23.4,77,5,5,2043,1207,21,GOOD,sensor_1
1779275512237,,23.4,77,4,4,2017,1173,17,GOOD,sensor_1
1779275522203,,23.4,78,4,4,2078,1221,17,GOOD,sensor_1
1779275532186,,23.4,77,4,4,2031,1184,17,GOOD,sensor_1
1779275542241,,23.4,78,4,4,2102,1276,17,GOOD,sensor_1
1779275552206,,23.4,77,4,4,2001,1159,17,GOOD,sensor_1
1779275562551,,23.4,78,3,3,2081,1231,13,GOOD,sensor_1
1779275572558,,23.4,77,3,3,2015,1155,13,GOOD,sensor_1
1779275582289,,23.4,77,1,1,2065,1226,4,GOOD,sensor_1
1779275592215,,23.4,78,1,1,2028,1172,4,GOOD,sensor_1
1779275602280,,23.4,78,6,6,2118,1295,25,GOOD,sensor_1
1779275612263,,23.4,78,5,5,2046,1191,21,GOOD,sensor_1
1779275622679,,23.4,78,7,7,2055,1258,29,GOOD,sensor_1
1779275632262,,23.4,78,7,7,2120,1299,29,GOOD,sensor_1
1779275642249,,23.4,78,5,5,2057,1205,21,GOOD,sensor_1
1779275652275,,23.4,78,5,5,2107,1262,21,GOOD,sensor_1
1779275662515,,23.4,78,8,8,2071,1235,33,GOOD,sensor_1
1779275672279,,23.4,78,8,8,2015,1258,33,GOOD,sensor_1
1779275682324,,23.4,78,9,9,2102,1238,38,GOOD,sensor_1
1779275692288,,23.4,78,9,9,2121,1253,38,GOOD,sensor_1
1779275702352,,23.4,78,9,10,2059,1184,38,GOOD,sensor_1
1779275712723,,23.4,78,12,12,2133,1296,50,GOOD,sensor_1
1779275722430,,23.4,78,13,13,2080,1188,53,MODERATE,sensor_1
1779275732302,,23.4,78,12,12,2155,1290,50,GOOD,sensor_1
1779275742352,,23.4,78,13,15,2094,1240,53,MODERATE,sensor_1
1779275752361,,23.4,78,13,15,2105,1235,53,MODERATE,sensor_1
1779275762326,,23.4,78,13,15,2085,1237,53,MODERATE,sensor_1
1779275772716,,23.4,78,13,16,2111,1228,53,MODERATE,sensor_1
1779275782333,,23.4,78,13,16,2027,1167,53,MODERATE,sensor_1
1779275792368,,23.4,78,13,15,2118,1280,53,MODERATE,sensor_1
1779275802725,,23.4,77,12,13,2091,1243,50,GOOD,sensor_1
1779275812360,,23.4,77,12,13,2084,1233,50,GOOD,sensor_1
1779275822763,,23.4,77,11,11,2062,1206,46,GOOD,sensor_1
1779275832351,,23.4,77,10,10,2083,1226,42,GOOD,sensor_1
1779275842374,,23.4,77,9,10,2094,1232,38,GOOD,sensor_1
1779275852379,,23.4,77,8,10,2123,1280,33,GOOD,sensor_1
1779275862366,,23.4,77,12,13,2015,1154,50,GOOD,sensor_1
1779275872374,,23.4,77,12,15,2115,1276,50,GOOD,sensor_1
1779275882465,,23.4,77,12,15,2113,1279,50,GOOD,sensor_1
1779275892822,,23.4,77,13,14,2000,1136,53,MODERATE,sensor_1
1779275902372,,23.4,77,13,13,2128,1294,53,MODERATE,sensor_1
1779275912481,,23.4,77,13,13,2065,1223,53,MODERATE,sensor_1
1779275922368,,23.4,77,13,13,2091,1232,53,MODERATE,sensor_1
1779275932971,,23.4,77,13,13,2065,1217,53,MODERATE,sensor_1
1779275942388,,23.4,77,13,13,2047,1191,53,MODERATE,sensor_1
1779275952398,,23.4,77,13,13,2034,1166,53,MODERATE,sensor_1
1779275962452,,23.4,77,11,11,2118,1275,46,GOOD,sensor_1
1779275972419,,23.4,77,12,12,2034,1182,50,GOOD,sensor_1
1779275982485,,23.4,77,12,12,2123,1278,50,GOOD,sensor_1
1779275992781,,23.4,77,12,12,2070,1221,50,GOOD,sensor_1
1779276002473,,23.4,77,11,11,2058,1193,46,GOOD,sensor_1
1779276012446,,23.4,77,11,11,2068,1217,46,GOOD,sensor_1
1779276022719,,23.4,77,11,11,2090,1231,46,GOOD,sensor_1
1779276032933,,23.4,77,10,13,2021,1163,42,GOOD,sensor_1
1779276042520,,23.4,77,10,13,2115,1274,42,GOOD,sensor_1
1779276052456,,23.4,77,11,13,2032,1174,46,GOOD,sensor_1
1779276062486,,23.4,77,12,13,2124,1282,50,GOOD,sensor_1
1779276072566,,23.4,77,12,13,2036,1187,50,GOOD,sensor_1
1779276082474,,23.4,77,12,13,2079,1217,50,GOOD,sensor_1
1779276092469,,23.4,77,10,13,2119,1278,42,GOOD,sensor_1
1779276102500,,23.4,77,13,13,2095,1243,53,MODERATE,sensor_1
1779276112549,,23.4,77,10,13,2023,1163,42,GOOD,sensor_1
1779276122502,,23.4,77,12,13,2064,1217,50,GOOD,sensor_1
1779276132589,,23.4,77,12,13,2078,1215,50,GOOD,sensor_1
1779276142554,,23.4,77,13,13,2022,1162,53,MODERATE,sensor_1
1779276152819,,23.4,77,13,13,2117,1274,53,MODERATE,sensor_1
1779276162873,,23.4,77,13,13,1936,1163,53,MODERATE,sensor_1
1779276172512,,23.4,77,13,13,2122,1273,53,MODERATE,sensor_1
1779276241188,,23.4,77,10,10,2050,1173,42,GOOD,sensor_2
1779276250808,,23.4,77,10,10,2149,1293,42,GOOD,sensor_2
1779276261086,,23.4,77,9,10,2056,1178,38,GOOD,sensor_2
1779276270691,,23.4,77,9,10,2134,1277,38,GOOD,sensor_2
1779276280719,,23.4,77,9,10,2093,1233,38,GOOD,sensor_2
1779276291064,,23.4,77,9,10,2118,1250,38,GOOD,sensor_2
1779276300658,,23.4,77,9,10,2151,1289,38,GOOD,sensor_2
1779276311093,,23.4,77,10,10,2165,1301,42,GOOD,sensor_2
1779276320746,,23.4,77,10,10,2074,1185,42,GOOD,sensor_2
1779276330789,,23.4,77,12,12,2162,1318,50,GOOD,sensor_2
1779276340712,,23.4,78,12,12,2115,1269,50,GOOD,sensor_2
1779276540355,,23.4,78,7,10,2070,1198,29,GOOD,sensor_2
1779276542550,,23.4,78,9,10,2463,1604,38,GOOD,sensor_2
1779276552362,,23.4,76,7,7,2124,1240,29,GOOD,sensor_2
1779276561839,,23.4,76,7,7,1828,959,29,GOOD,sensor_2
1779276581737,,23.4,77,7,9,2176,1334,29,GOOD,sensor_2
1779276591880,,23.4,77,7,9,2101,1262,29,GOOD,sensor_2
1779276601809,,23.4,77,10,10,2127,1284,42,GOOD,sensor_2
1779276612076,,23.4,77,10,10,2103,1272,42,GOOD,sensor_2
1779276622146,,23.4,77,99,108,2128,1282,173,UNHEALTHY,sensor_2
1779276631976,,23.4,77,99,109,2073,1221,173,UNHEALTHY,sensor_2
1779276641821,,23.4,77,115,118,2170,1341,182,UNHEALTHY,sensor_2
1779276651755,,23.4,77,114,117,2086,1238,181,UNHEALTHY,sensor_2
1779276661743,,23.4,77,114,117,2187,1358,181,UNHEALTHY,sensor_2
1779276672766,,23.4,77,96,108,2123,1292,172,UNHEALTHY,sensor_2
1779276681769,,23.4,77,91,105,2145,1303,169,UNHEALTHY,sensor_2
1779276692180,,23.4,77,64,72,2139,1289,155,UNHEALTHY,sensor_2
1779276702346,,23.4,77,64,72,2162,1323,155,UNHEALTHY,sensor_2
1779276711865,,23.4,77,102,111,2148,1304,175,UNHEALTHY,sensor_2
1779276721861,,23.4,77,112,117,2128,1291,180,UNHEALTHY,sensor_2
1779276731914,,23.4,77,102,111,2061,1214,175,UNHEALTHY,sensor_2
1779276742241,,23.4,77,53,64,2109,1276,144,SENSITIVE,sensor_2
1779276752231,,23.5,77,86,88,2107,1275,167,UNHEALTHY,sensor_2
1779276761840,,23.8,77,84,84,2137,1321,166,UNHEALTHY,sensor_2
1779276771813,,23.8,77,76,78,2051,1211,162,UNHEALTHY,sensor_2
1779276781849,,23.8,77,49,59,2142,1320,134,SENSITIVE,sensor_2
1779276791927,,23.8,77,49,59,2141,1325,134,SENSITIVE,sensor_2
1779276801820,,23.8,77,49,59,2050,1212,134,SENSITIVE,sensor_2
1779276811886,,23.8,76,102,111,2130,1319,175,UNHEALTHY,sensor_2
1779276821822,,23.8,76,103,112,2048,1213,176,UNHEALTHY,sensor_2
1779276831926,,23.8,76,103,112,2105,1273,176,UNHEALTHY,sensor_2
1779276841899,,23.8,76,45,46,2092,1263,124,SENSITIVE,sensor_2
1779276851929,,23.8,76,15,18,2109,1276,57,MODERATE,sensor_2
1779276861875,,23.8,77,13,16,2088,1264,53,MODERATE,sensor_2
1779276872252,,23.8,76,7,7,2140,1320,29,GOOD,sensor_2
1779276882217,,23.8,76,7,7,2056,1217,29,GOOD,sensor_2
1779276892281,,23.8,76,7,7,2140,1324,29,GOOD,sensor_2
1779276901973,,23.8,76,5,5,2054,1223,21,GOOD,sensor_2
1779276911920,,23.8,76,5,5,2104,1275,21,GOOD,sensor_2
1779276921965,,23.8,76,7,8,2086,1267,29,GOOD,sensor_2
1779276931951,,23.8,75,7,9,2105,1278,29,GOOD,sensor_2
1779276942338,,23.8,75,10,10,2045,1225,42,GOOD,sensor_2
1779276951885,,23.8,75,8,10,2134,1327,33,GOOD,sensor_2
1779276962287,,23.8,75,8,10,2076,1251,33,GOOD,sensor_2
1779276972227,,23.8,75,5,8,2142,1323,21,GOOD,sensor_2
1779276982524,,23.8,75,6,7,2100,1271,25,GOOD,sensor_2
1779276992383,,23.8,76,10,12,2109,1272,42,GOOD,sensor_2
1779277002400,,23.8,76,9,10,2159,1341,38,GOOD,sensor_2
1779277011975,,23.8,76,6,7,2059,1217,25,GOOD,sensor_2
1779277022424,,23.8,76,6,6,2125,1286,25,GOOD,sensor_2
1779277032242,,23.8,76,7,7,2101,1272,29,GOOD,sensor_2
1779277042086,,23.8,76,9,9,2120,1278,38,GOOD,sensor_2
1779277052197,,23.8,76,9,9,2103,1280,38,GOOD,sensor_2
1779277062122,,23.8,77,7,10,2146,1329,29,GOOD,sensor_2
1779277071988,,23.8,77,9,10,2069,1222,38,GOOD,sensor_2
1779277082621,,23.8,77,9,10,2161,1340,38,GOOD,sensor_2
1779277091997,,23.8,77,9,9,2093,1257,38,GOOD,sensor_2
1779277101984,,23.8,77,7,9,2120,1277,29,GOOD,sensor_2
1779277112453,,23.8,77,7,7,2108,1270,29,GOOD,sensor_2
1779277122038,,23.8,77,7,7,2133,1286,29,GOOD,sensor_2
1779277132396,,23.8,77,7,7,2074,1222,29,GOOD,sensor_2
1779277142016,,23.8,77,7,7,2160,1337,29,GOOD,sensor_2
1779277153367,,23.8,77,7,7,2069,1223,29,GOOD,sensor_2
1779277162013,,23.8,77,9,9,2163,1346,38,GOOD,sensor_2
1779277172124,,23.8,77,9,9,2156,1336,38,GOOD,sensor_2
1779277182070,,23.8,77,7,9,2124,1288,29,GOOD,sensor_2
1779277192070,,23.8,77,7,9,2122,1281,29,GOOD,sensor_2
1779277202015,,23.8,77,7,9,2136,1282,29,GOOD,sensor_2
1779277212066,,23.8,77,7,9,2143,1290,29,GOOD,sensor_2
1779277222237,,23.8,77,9,10,2140,1283,38,GOOD,sensor_2
1779277232042,,23.8,77,9,9,2151,1292,38,GOOD,sensor_2
1779277242042,,23.8,77,9,9,2123,1282,38,GOOD,sensor_2
1779277252587,,23.8,77,9,9,2173,1349,38,GOOD,sensor_2
1779277262055,,23.8,77,9,9,2080,1230,38,GOOD,sensor_2
1779277272110,,23.8,77,9,9,2162,1344,38,GOOD,sensor_2
1779277282424,,23.8,77,9,9,2091,1255,38,GOOD,sensor_2
1779277292039,,23.8,77,8,8,2127,1291,33,GOOD,sensor_2
1779277302070,,23.8,77,8,8,2109,1284,33,GOOD,sensor_2
1779277312061,,23.8,77,7,7,2127,1291,29,GOOD,sensor_2
1779277322234,,23.8,77,6,7,2075,1234,25,GOOD,sensor_2
1779277332107,,23.8,77,7,7,2163,1347,29,GOOD,sensor_2
1779277342124,,23.8,77,6,7,2065,1224,25,GOOD,sensor_2
1779277352094,,23.8,77,9,9,2161,1350,38,GOOD,sensor_2
1779277363192,,23.8,77,9,9,2115,1287,38,GOOD,sensor_2
1779277372163,,23.8,77,7,7,2135,1289,29,GOOD,sensor_2
1779277382101,,23.8,77,7,7,2174,1333,29,GOOD,sensor_2
1779277392148,,23.8,77,9,9,2142,1292,38,GOOD,sensor_2
1779277402386,,23.8,77,9,9,2084,1232,38,GOOD,sensor_2
1779277412096,,23.8,77,9,9,2115,1284,38,GOOD,sensor_2
1779277422128,,23.8,77,7,10,2146,1296,29,GOOD,sensor_2
1779277432128,,23.8,77,9,12,2125,1284,38,GOOD,sensor_2
1779277442134,,23.8,77,7,10,2179,1343,29,GOOD,sensor_2
1779277452555,,24.1,77,7,10,2088,1225,29,GOOD,sensor_2
1779277462105,,24.1,77,7,10,2189,1351,29,GOOD,sensor_2
1779277472205,,24.1,77,7,9,2113,1253,29,GOOD,sensor_2
1779277482250,,24.1,77,6,6,2161,1299,25,GOOD,sensor_2
1779277492189,,24.1,77,7,7,2143,1291,29,GOOD,sensor_2
1779277502202,,24.1,77,6,6,2157,1295,25,GOOD,sensor_2
1779277512151,,24.1,77,6,6,2113,1235,25,GOOD,sensor_2
1779277522230,,24.1,77,6,6,2197,1353,25,GOOD,sensor_2
1779277532139,,24.1,77,6,6,2101,1228,25,GOOD,sensor_2
1779277542145,,24.1,77,6,6,2191,1345,25,GOOD,sensor_2
1779277552231,,24.1,77,6,7,2166,1312,25,GOOD,sensor_2
1779351453882,,19.4,72,1,1,1937,1015,4,GOOD,sensor_3
1779351463896,,19.4,72,1,1,1915,992,4,GOOD,sensor_3
1779351473751,,19.4,72,1,1,1917,1000,4,GOOD,sensor_3
1779351483680,,19.4,72,1,1,1879,964,4,GOOD,sensor_3
1779351493515,,19.4,72,1,1,1920,997,4,GOOD,sensor_3
1779351503547,,19.4,72,1,1,1882,965,4,GOOD,sensor_3
1779351513559,,19.4,72,1,1,1905,977,4,GOOD,sensor_3
1779351523853,,19.4,72,1,1,1893,970,4,GOOD,sensor_3
1779351533607,,19.4,72,1,1,1896,980,4,GOOD,sensor_3
1779351543578,,19.4,72,1,1,1898,968,4,GOOD,sensor_3
1779351553612,,19.4,72,1,1,1881,958,4,GOOD,sensor_3
1779351563871,,19.4,72,1,1,1870,953,4,GOOD,sensor_3
1779351573500,,19.4,72,1,1,1919,988,4,GOOD,sensor_3
1779351583968,,19.4,72,1,1,1871,955,4,GOOD,sensor_3
1779351593661,,19.4,72,1,1,1865,945,4,GOOD,sensor_3
1779351603516,,19.4,72,1,1,1918,985,4,GOOD,sensor_3
1779351613638,,19.4,72,1,1,1864,946,4,GOOD,sensor_3
1779351623709,,19.4,72,1,1,1904,974,4,GOOD,sensor_3
1779351633619,,19.4,72,1,1,1874,951,4,GOOD,sensor_3
1779351643611,,19.4,72,1,1,1890,964,4,GOOD,sensor_3
1779351653828,,19.4,72,1,1,1882,952,4,GOOD,sensor_3
1779351663654,,19.4,72,1,1,1874,957,4,GOOD,sensor_3
1779351673587,,19.4,72,1,1,1858,940,4,GOOD,sensor_3
1779351684011,,19.4,72,1,1,1904,973,4,GOOD,sensor_3
1779351693630,,19.4,72,1,1,1849,934,4,GOOD,sensor_3
1779351703623,,19.4,72,1,1,1896,963,4,GOOD,sensor_3
1779351873641,,19.4,72,1,1,1867,944,4,GOOD,sensor_3
1779351883642,,19.4,72,1,1,1865,941,4,GOOD,sensor_3
1779351893678,,19.4,72,1,1,1862,938,4,GOOD,sensor_3
1779351904075,,19.4,72,1,1,1892,961,4,GOOD,sensor_3
1779351914041,,19.4,72,1,1,1832,913,4,GOOD,sensor_3
1779351923685,,19.4,72,1,3,1892,961,4,GOOD,sensor_3
1779351933694,,19.4,72,2,2,1846,918,8,GOOD,sensor_3
1779351943699,,19.4,72,1,1,1869,949,4,GOOD,sensor_3
1779351954085,,19.4,72,1,1,1854,927,4,GOOD,sensor_3
1779351963800,,19.4,72,1,1,1846,924,4,GOOD,sensor_3
1779351973663,,19.4,72,1,1,1865,934,4,GOOD,sensor_3
1779351984054,,19.4,72,1,1,1883,950,4,GOOD,sensor_3
1779351993830,,19.4,72,1,1,1827,912,4,GOOD,sensor_3
1779352003805,,19.4,71,1,1,1861,930,4,GOOD,sensor_3
1779352013773,,19.4,72,1,1,1846,921,4,GOOD,sensor_3
1779352024066,,19.4,71,1,1,1858,939,4,GOOD,sensor_3
1779352033856,,19.4,71,3,3,1869,938,13,GOOD,sensor_3
1779352044087,,19.4,71,4,4,1834,912,17,GOOD,sensor_3
1779352053739,,19.4,71,4,4,1859,934,17,GOOD,sensor_3
1779352064053,,19.4,71,4,4,1857,926,17,GOOD,sensor_3
1779352073796,,19.4,71,4,4,1862,940,17,GOOD,sensor_3
1779352083733,,19.4,71,4,4,1843,917,17,GOOD,sensor_3
1779352093718,,19.4,72,4,4,1880,949,17,GOOD,sensor_3
1779352103816,,19.4,72,4,6,1825,905,17,GOOD,sensor_3
1779352114132,,19.4,72,7,7,1882,951,29,GOOD,sensor_3
1779352123772,,19.4,72,8,8,1837,912,33,GOOD,sensor_3
1779352133780,,19.4,72,9,9,1862,937,38,GOOD,sensor_3
1779352143847,,19.4,72,9,9,1854,922,38,GOOD,sensor_3
1779352153822,,19.4,72,13,13,1852,929,53,MODERATE,sensor_3
1779352164121,,19.4,72,15,15,1852,923,57,MODERATE,sensor_3
1779352174160,,19.4,72,16,16,1882,946,59,MODERATE,sensor_3
1779352183816,,19.4,72,16,16,1823,905,59,MODERATE,sensor_3
1779352193864,,19.4,72,21,21,1877,948,70,MODERATE,sensor_3
1779352203790,,19.4,72,22,22,1835,913,72,MODERATE,sensor_3
1779352213937,,19.4,72,22,22,1849,928,72,MODERATE,sensor_3
1779352224171,,19.4,72,24,24,1840,912,76,MODERATE,sensor_3
1779352233843,,19.4,72,28,28,1858,935,84,MODERATE,sensor_3
1779352244009,,19.4,72,31,31,1828,909,91,MODERATE,sensor_3
1779352253981,,19.4,72,33,33,1870,940,95,MODERATE,sensor_3
1779352263884,,19.4,72,36,36,1827,908,102,SENSITIVE,sensor_3
1779352273896,,19.4,72,42,42,1864,937,117,SENSITIVE,sensor_3
1779352283870,,19.4,72,43,43,1850,917,119,SENSITIVE,sensor_3
1779352293871,,19.4,72,45,45,1857,936,124,SENSITIVE,sensor_3
1779352303862,,19.4,72,45,45,1841,910,124,SENSITIVE,sensor_3
1779352313909,,19.4,72,48,49,1855,932,132,SENSITIVE,sensor_3
1779352324246,,19.4,72,51,55,1819,904,139,SENSITIVE,sensor_3
1779352333914,,19.4,72,52,57,1862,931,142,SENSITIVE,sensor_3
1779352343872,,19.4,72,52,58,1827,907,142,SENSITIVE,sensor_3
1779352353897,,19.4,72,54,61,1865,935,147,SENSITIVE,sensor_3
1779352364288,,19.4,72,57,64,1845,912,152,UNHEALTHY,sensor_3
1779352373940,,19.4,72,57,66,1823,906,152,UNHEALTHY,sensor_3
1779352384321,,19.4,72,58,67,1843,913,152,UNHEALTHY,sensor_3
1779352393901,,19.4,72,58,67,1862,933,152,UNHEALTHY,sensor_3
1779352404332,,19.4,72,58,67,1817,899,152,UNHEALTHY,sensor_3
1779352413970,,19.4,72,60,69,1835,908,153,UNHEALTHY,sensor_3
1779352423940,,19.4,72,60,69,1845,921,153,UNHEALTHY,sensor_3
1779352433955,,19.4,72,60,69,1822,904,153,UNHEALTHY,sensor_3
1779352444365,,19.4,72,60,69,1870,935,153,UNHEALTHY,sensor_3
1779352454039,,19.4,72,60,70,1822,900,153,UNHEALTHY,sensor_3
1779352464147,,19.4,72,60,70,1863,932,153,UNHEALTHY,sensor_3
1779352474281,,19.4,72,60,70,1845,912,153,UNHEALTHY,sensor_3
1779352483995,,19.4,72,61,73,1847,924,154,UNHEALTHY,sensor_3
1779352494353,,19.4,72,63,73,1837,904,155,UNHEALTHY,sensor_3
1779352504254,,19.4,72,63,75,1857,924,155,UNHEALTHY,sensor_3
1779352513955,,19.4,72,63,75,1823,904,155,UNHEALTHY,sensor_3
1779352524010,,19.4,72,63,73,1870,935,155,UNHEALTHY,sensor_3
1779352533968,,19.4,72,64,75,1815,893,155,UNHEALTHY,sensor_3
1779352544349,,19.4,72,64,75,1850,921,155,UNHEALTHY,sensor_3
1779352554403,,19.4,72,64,75,1839,908,155,UNHEALTHY,sensor_3
1779352564013,,19.4,72,64,75,1843,922,155,UNHEALTHY,sensor_3
1779352574503,,19.4,72,66,76,1837,906,156,UNHEALTHY,sensor_3
1779352584363,,19.4,72,66,78,1870,930,156,UNHEALTHY,sensor_3
1779352594006,,19.4,72,66,76,1828,902,156,UNHEALTHY,sensor_3
1779352604395,,19.4,72,66,78,1882,938,156,UNHEALTHY,sensor_3
1779352614006,,19.4,72,66,78,1840,911,156,UNHEALTHY,sensor_3
1779352624037,,19.4,72,66,78,1857,925,156,UNHEALTHY,sensor_3
1779352634399,,19.4,72,66,78,1847,908,156,UNHEALTHY,sensor_3
1779352644100,,19.4,72,67,79,1853,924,157,UNHEALTHY,sensor_3
1779352654077,,19.4,72,67,79,1846,911,157,UNHEALTHY,sensor_3
1779352664005,,19.4,72,67,79,1868,934,157,UNHEALTHY,sensor_3
1779352674101,,19.4,72,67,79,1828,906,157,UNHEALTHY,sensor_3
1779352684240,,19.4,72,67,79,1867,933,157,UNHEALTHY,sensor_3
1779352694258,,19.4,72,69,81,1828,905,158,UNHEALTHY,sensor_3
1779352704386,,19.4,72,69,81,1831,907,158,UNHEALTHY,sensor_3
1779352714548,,19.4,72,69,81,1844,907,158,UNHEALTHY,sensor_3
1779352724437,,19.4,72,69,82,1855,923,158,UNHEALTHY,sensor_3
1779352734393,,19.4,72,69,82,1833,903,158,UNHEALTHY,sensor_3
1779352744469,,19.4,72,69,82,1843,909,158,UNHEALTHY,sensor_3
1779352754095,,19.4,72,69,82,1835,910,158,UNHEALTHY,sensor_3
1779352764076,,19.4,72,69,82,1870,931,158,UNHEALTHY,sensor_3
1779352774064,,19.4,72,69,82,1847,912,158,UNHEALTHY,sensor_3
1779352784067,,19.4,72,70,84,1839,909,158,UNHEALTHY,sensor_3
1779352794427,,19.4,72,70,84,1863,926,158,UNHEALTHY,sensor_3
1779352804108,,19.4,72,70,84,1824,901,158,UNHEALTHY,sensor_3
1779352814104,,19.4,72,70,84,1849,918,158,UNHEALTHY,sensor_3
1779352824236,,19.4,72,70,84,1834,904,158,UNHEALTHY,sensor_3
1779352834149,,19.4,72,72,85,1852,918,160,UNHEALTHY,sensor_3
1779352844453,,19.4,72,72,85,1843,911,160,UNHEALTHY,sensor_3
1779352854235,,19.4,72,70,84,1863,930,158,UNHEALTHY,sensor_3
1779352864284,,19.4,72,70,84,1833,904,158,UNHEALTHY,sensor_3
1779352874986,,19.4,72,70,84,1864,926,158,UNHEALTHY,sensor_3
1779352884082,,19.4,72,70,84,1830,909,158,UNHEALTHY,sensor_3
1779352894287,,19.4,72,72,85,1848,918,160,UNHEALTHY,sensor_3
1779409931441,,30.8,90,6,6,1966,1077,25,GOOD,sensor_4
1779409941399,,30.8,90,8,9,1908,1010,33,GOOD,sensor_4
1779409951408,,30.8,90,5,5,1938,1040,21,GOOD,sensor_4
1779409961354,,30.8,90,6,6,1958,1068,25,GOOD,sensor_4
1779409971328,,30.8,89,6,8,1936,1039,25,GOOD,sensor_4
1779409981434,,30.8,89,6,6,1877,972,25,GOOD,sensor_4
1779409991361,,30.8,90,6,6,1901,1007,25,GOOD,sensor_4
1779410001410,,30.8,89,5,5,1926,1029,21,GOOD,sensor_4
1779410011368,,30.8,89,5,5,1896,1003,21,GOOD,sensor_4
1779410021564,,30.8,89,5,6,1949,1067,21,GOOD,sensor_4
1779410031387,,30.8,89,5,5,1868,965,21,GOOD,sensor_4
1779410041453,,30.8,89,5,5,1952,1069,21,GOOD,sensor_4
1779410052011,,30.8,88,5,6,1865,964,21,GOOD,sensor_4
1779410061396,,30.8,88,5,5,1919,1024,21,GOOD,sensor_4
1779410071473,,30.8,88,4,4,1877,989,17,GOOD,sensor_4
1779410081716,,30.8,88,6,6,1917,1023,25,GOOD,sensor_4
1779410091448,,30.8,88,6,6,1934,1058,25,GOOD,sensor_4
1779410101380,,30.8,88,5,5,1947,1064,21,GOOD,sensor_4
1779410111478,,30.8,88,8,9,1866,961,33,GOOD,sensor_4
1779410121802,,30.8,88,9,9,1886,987,38,GOOD,sensor_4
1779410132168,,30.8,88,8,9,1946,1046,33,GOOD,sensor_4
1779410141677,,30.8,88,6,8,1883,975,25,GOOD,sensor_4
1779410151491,,30.8,89,5,6,1983,1106,21,GOOD,sensor_4
1779410161514,,30.8,88,4,5,1889,992,17,GOOD,sensor_4
1779410171581,,30.8,88,2,4,1975,1084,8,GOOD,sensor_4
1779410181539,,30.8,88,4,4,1904,1015,17,GOOD,sensor_4
1779410191542,,30.8,88,6,6,1922,1029,25,GOOD,sensor_4
1779410201532,,30.8,88,6,6,1883,991,25,GOOD,sensor_4
1779410211487,,30.8,87,4,4,1917,1022,17,GOOD,sensor_4
1779410221549,,30.8,87,4,4,1921,1024,17,GOOD,sensor_4
1779410231681,,30.8,87,1,1,1941,1055,4,GOOD,sensor_4
1779410241521,,30.8,87,2,2,1867,960,8,GOOD,sensor_4
1779410251485,,30.8,87,2,2,1886,990,8,GOOD,sensor_4
1779410261999,,30.8,87,2,2,1942,1053,8,GOOD,sensor_4
1779410271900,,30.8,87,5,5,1864,956,21,GOOD,sensor_4
1779410281461,,30.8,87,6,6,1942,1056,25,GOOD,sensor_4
1779410291702,,30.8,87,5,5,1870,950,21,GOOD,sensor_4
1779410301930,,30.8,87,5,5,1989,1023,21,GOOD,sensor_4
1779410311487,,30.8,87,4,4,2162,1036,17,GOOD,sensor_4
1779410321431,,30.8,87,4,4,2180,1084,17,GOOD,sensor_4
1779410331463,,30.8,87,5,5,2073,1050,21,GOOD,sensor_4
1779410341823,,30.8,87,5,5,2072,1100,21,GOOD,sensor_4
1779410351406,,30.8,87,4,4,1996,1042,17,GOOD,sensor_4
1779410361441,,30.8,87,2,4,2011,1086,8,GOOD,sensor_4
1779410371404,,30.8,87,4,5,1918,981,17,GOOD,sensor_4
1779410381424,,30.8,87,4,6,1925,996,17,GOOD,sensor_4
1779410391441,,30.8,87,5,8,1992,1082,21,GOOD,sensor_4
1779410401775,,30.8,87,5,8,1901,973,21,GOOD,sensor_4
1779410411651,,30.8,87,5,8,1981,1075,21,GOOD,sensor_4
1779410421536,,30.8,87,5,6,1919,1006,21,GOOD,sensor_4
1779410431586,,30.8,87,6,6,1952,1040,25,GOOD,sensor_4
1779410441479,,30.8,87,5,5,1908,999,21,GOOD,sensor_4
1779410451757,,30.8,87,4,4,1946,1032,17,GOOD,sensor_4
1779410461433,,30.8,87,6,6,1887,966,25,GOOD,sensor_4
1779410471549,,30.8,87,6,6,1967,1067,25,GOOD,sensor_4
1779410482092,,30.8,87,5,6,1902,983,21,GOOD,sensor_4
1779410491427,,30.8,87,4,5,1984,1078,17,GOOD,sensor_4
1779410501586,,30.8,87,5,5,1930,1006,21,GOOD,sensor_4
1779410511766,,30.8,87,8,9,1939,999,33,GOOD,sensor_4
1779410521934,,30.8,88,12,12,2006,1086,50,GOOD,sensor_4
1779410531645,,30.8,88,9,9,1922,977,38,GOOD,sensor_4
1779410541645,,30.8,90,6,8,1981,1040,25,GOOD,sensor_4
1779410551457,,30.8,90,8,8,1960,1016,33,GOOD,sensor_4
1779410561421,,30.8,90,8,8,2002,1063,33,GOOD,sensor_4
1779410571369,,30.8,91,9,11,1957,1019,38,GOOD,sensor_4
1779410581397,,30.8,91,9,9,2029,1099,38,GOOD,sensor_4
1779410591404,,30.8,91,11,11,1946,995,46,GOOD,sensor_4
1779410601798,,30.8,91,9,9,2028,1098,38,GOOD,sensor_4
1779410611406,,30.8,91,8,9,1986,1038,33,GOOD,sensor_4
1779410621427,,30.8,91,6,8,2014,1076,25,GOOD,sensor_4
1779410631434,,30.8,91,8,8,1973,1034,33,GOOD,sensor_4
1779410641403,,30.8,91,6,6,1965,1012,25,GOOD,sensor_4
1779410651463,,30.8,91,6,6,2030,1095,25,GOOD,sensor_4
1779410661638,,30.8,91,6,6,1971,1031,25,GOOD,sensor_4
1779410671409,,30.8,91,5,6,2007,1066,21,GOOD,sensor_4
1779410681854,,30.8,91,8,9,1976,1038,33,GOOD,sensor_4
1779410691561,,30.8,91,8,9,2011,1065,33,GOOD,sensor_4
1779410701440,,30.8,91,8,9,1943,988,33,GOOD,sensor_4
1779410711452,,30.8,91,6,6,2031,1098,25,GOOD,sensor_4
1779410722091,,30.8,91,6,8,1957,1000,25,GOOD,sensor_4
1779410731413,,30.8,92,6,6,2032,1094,25,GOOD,sensor_4
1779410741818,,30.8,91,6,6,2000,1062,25,GOOD,sensor_4
1779410751790,,30.8,91,8,8,2013,1068,33,GOOD,sensor_4
1779410761509,,30.8,91,7,8,1964,1024,29,GOOD,sensor_4
1779410771762,,30.8,91,5,5,1973,1021,21,GOOD,sensor_4
1779410781443,,30.8,91,6,8,2006,1061,25,GOOD,sensor_4
1779410791429,,30.8,91,6,6,1973,1034,25,GOOD,sensor_4
1779410801441,,30.8,91,5,5,2003,1060,21,GOOD,sensor_4
1779410811416,,30.8,91,4,4,1968,1031,17,GOOD,sensor_4
1779410821425,,30.8,91,5,5,2024,1093,21,GOOD,sensor_4
1779410831400,,30.8,91,5,5,1946,991,21,GOOD,sensor_4
1779410841390,,30.8,91,5,5,2027,1098,21,GOOD,sensor_4
1779410851417,,30.8,91,6,6,1944,993,25,GOOD,sensor_4
1779410861363,,30.8,91,8,8,2008,1072,33,GOOD,sensor_4
1779410871623,,30.8,91,6,6,1981,1050,25,GOOD,sensor_4
1779410881627,,30.8,91,5,5,1999,1062,21,GOOD,sensor_4
1779410891440,,30.8,91,6,6,1962,1025,25,GOOD,sensor_4
1779410901611,,30.8,91,8,8,1966,1034,33,GOOD,sensor_4
1779410912160,,30.8,91,6,6,1988,1051,25,GOOD,sensor_4
1779410921374,,30.8,91,4,5,1957,1019,17,GOOD,sensor_4
1779410931672,,30.8,91,4,4,1985,1041,17,GOOD,sensor_4
1779410941486,,30.8,91,5,5,1924,971,21,GOOD,sensor_4
1779410951392,,30.8,91,6,6,2003,1074,25,GOOD,sensor_4
1779410961819,,30.8,91,8,9,1915,963,33,GOOD,sensor_4
1779410971423,,30.8,91,11,12,1994,1067,46,GOOD,sensor_4
1779410981591,,30.8,91,6,8,1932,1000,25,GOOD,sensor_4
1779410991490,,30.8,91,5,6,1953,1021,21,GOOD,sensor_4
1779411001480,,30.8,90,5,5,1969,1042,21,GOOD,sensor_4
1779411011462,,30.8,90,4,4,1960,1028,17,GOOD,sensor_4
1779411021441,,30.8,90,5,5,1895,954,21,GOOD,sensor_4
1779411031793,,30.8,90,5,5,1924,991,21,GOOD,sensor_4
1779411041401,,30.8,90,6,6,1959,1025,25,GOOD,sensor_4
1779411051434,,30.8,90,5,5,1916,986,21,GOOD,sensor_4
1779411061462,,30.8,90,5,5,1988,1064,21,GOOD,sensor_4
1779411071402,,30.8,90,5,5,1898,953,21,GOOD,sensor_4
1779411081776,,30.8,90,5,5,1984,1061,21,GOOD,sensor_4
1779411091746,,30.8,90,5,5,1905,957,21,GOOD,sensor_4
1779411101413,,30.8,90,6,6,1981,1051,25,GOOD,sensor_4
1779411111642,,30.8,90,6,6,1918,980,25,GOOD,sensor_4
1779411121527,,30.8,90,5,6,1960,1025,21,GOOD,sensor_4
1779411131393,,30.8,90,6,8,1975,1051,25,GOOD,sensor_4
1779411141604,,30.8,90,5,6,1975,1051,21,GOOD,sensor_4
1779411151786,,30.8,89,5,6,1899,952,21,GOOD,sensor_4
1779411161823,,30.8,89,5,6,1923,989,21,GOOD,sensor_4
1779411171435,,30.8,88,4,4,1960,1019,17,GOOD,sensor_4
1779411181427,,30.8,88,5,5,1894,946,21,GOOD,sensor_4
1779411191409,,30.8,88,5,7,1977,1052,21,GOOD,sensor_4
1779411201504,,30.8,88,6,6,1897,950,25,GOOD,sensor_4
1779411211549,,30.8,88,5,5,1976,1052,21,GOOD,sensor_4
1779411221985,,30.8,88,4,4,1920,987,17,GOOD,sensor_4
1779411231425,,30.8,88,2,4,1951,1010,8,GOOD,sensor_4
1779411241488,,30.8,88,2,4,1908,975,8,GOOD,sensor_4
1779411251493,,30.8,88,4,5,1943,1006,17,GOOD,sensor_4
1779411261552,,30.8,88,5,5,1940,1003,21,GOOD,sensor_4
1779411271436,,30.8,88,5,5,1962,1043,21,GOOD,sensor_4
1779411281773,,30.8,88,6,6,1870,931,25,GOOD,sensor_4
1779411291434,,30.8,88,5,5,1900,975,21,GOOD,sensor_4
1779411301674,,30.8,88,5,5,1960,1040,21,GOOD,sensor_4
1779411311427,,30.8,88,4,4,1865,930,17,GOOD,sensor_4
1779411321476,,30.8,88,2,2,1951,1032,8,GOOD,sensor_4
1779411331696,,30.8,87,1,1,1870,936,4,GOOD,sensor_4
1779411341425,,30.8,88,2,4,1938,1018,8,GOOD,sensor_4
1779411351519,,30.8,87,2,5,1889,963,8,GOOD,sensor_4
1779411361794,,30.8,87,5,8,1929,998,21,GOOD,sensor_4
1779411371459,,30.8,87,4,5,1878,956,17,GOOD,sensor_4
1779411381479,,30.8,87,4,4,1944,1026,17,GOOD,sensor_4
1779411391458,,30.8,87,6,6,1913,981,25,GOOD,sensor_4
1779411401426,,30.8,87,6,6,1945,1026,25,GOOD,sensor_4
1779411411451,,30.8,87,6,6,1864,927,25,GOOD,sensor_4
1779411421428,,30.8,87,4,5,1860,923,17,GOOD,sensor_4
1779411431467,,30.8,87,2,2,1947,1028,8,GOOD,sensor_4
1779411441458,,30.8,87,4,4,1859,918,17,GOOD,sensor_4
1779411451450,,30.8,87,4,4,1941,1020,17,GOOD,sensor_4
1779411461420,,30.8,87,4,4,1877,949,17,GOOD,sensor_4
1779411471828,,30.8,87,6,6,1914,982,25,GOOD,sensor_4
1779411481423,,30.8,87,4,4,1878,955,17,GOOD,sensor_4
1779411491457,,30.8,87,5,5,1912,981,21,GOOD,sensor_4
1779411501469,,30.8,87,6,6,1859,922,25,GOOD,sensor_4
1779411511567,,30.8,87,4,4,1938,1017,17,GOOD,sensor_4
1779411521498,,30.8,87,4,4,1853,917,17,GOOD,sensor_4
1779411531837,,30.8,87,4,4,1913,983,17,GOOD,sensor_4
1779411541787,,30.8,87,2,2,1871,949,8,GOOD,sensor_4
1779411551458,,30.8,87,4,4,1900,966,17,GOOD,sensor_4
1779411561439,,30.8,87,5,5,1905,974,21,GOOD,sensor_4
1779411571453,,30.8,87,4,4,1868,948,17,GOOD,sensor_4
1779411581815,,30.8,87,2,2,1905,976,8,GOOD,sensor_4
1779411591756,,30.8,87,4,4,1873,950,17,GOOD,sensor_4
1779411601615,,30.8,87,5,5,1928,1007,21,GOOD,sensor_4
1779411611826,,30.8,87,5,5,1844,907,21,GOOD,sensor_4
1779411621404,,30.8,87,5,5,1926,1007,21,GOOD,sensor_4
1779411631938,,30.8,87,5,5,1843,911,21,GOOD,sensor_4
1779411641451,,30.8,87,5,5,1908,973,21,GOOD,sensor_4
1779411651489,,30.8,87,4,4,1870,942,17,GOOD,sensor_4
1779411661525,,30.8,87,2,2,1907,974,8,GOOD,sensor_4
1779411671815,,30.8,87,2,4,1872,940,8,GOOD,sensor_4
1779411681404,,30.8,87,4,4,1935,1010,17,GOOD,sensor_4
1779411691431,,30.8,87,4,5,1927,995,17,GOOD,sensor_4
1779411701462,,30.8,87,2,4,1859,913,8,GOOD,sensor_4
1779411711581,,30.8,88,2,4,1931,1004,8,GOOD,sensor_4
1779411721454,,30.8,88,2,2,1851,906,8,GOOD,sensor_4
1779411731459,,30.8,88,4,4,1927,994,17,GOOD,sensor_4
1779411741403,,30.8,88,4,4,1875,942,17,GOOD,sensor_4
1779411751749,,30.8,88,4,4,1917,979,17,GOOD,sensor_4
1779411761478,,30.8,88,5,6,1871,939,21,GOOD,sensor_4
1779411771785,,30.8,88,4,5,1934,1001,17,GOOD,sensor_4
1779411781428,,30.8,88,4,4,1849,906,17,GOOD,sensor_4
1779411791487,,30.8,88,5,5,1937,1012,21,GOOD,sensor_4
1779411801430,,30.8,88,4,4,1856,912,17,GOOD,sensor_4
1779411811427,,30.8,88,6,6,1937,1011,25,GOOD,sensor_4
1779411821572,,30.8,88,5,5,1936,1012,21,GOOD,sensor_4
1779411831430,,30.8,88,5,5,1849,908,21,GOOD,sensor_4
1779411841433,,30.8,88,5,5,1933,1005,21,GOOD,sensor_4
1779411852044,,30.8,88,4,5,1864,932,17,GOOD,sensor_4
1779411861441,,30.8,88,2,2,1908,971,8,GOOD,sensor_4
1779411871509,,30.8,88,2,4,1878,946,8,GOOD,sensor_4
1779411881717,,30.8,88,4,5,1914,976,17,GOOD,sensor_4
1779411891426,,30.8,88,5,5,1858,924,21,GOOD,sensor_4
1779411901483,,30.8,88,4,4,1930,1004,17,GOOD,sensor_4
1779411911405,,30.8,88,4,4,1850,926,17,GOOD,sensor_4
1779411921817,,30.8,88,5,5,1926,999,21,GOOD,sensor_4
1779411931440,,30.8,88,5,5,1861,926,21,GOOD,sensor_4
1779411941413,,30.8,88,5,5,1912,972,21,GOOD,sensor_4
1779411951428,,30.8,88,5,5,1928,1004,21,GOOD,sensor_4
1779411961482,,30.8,88,6,6,1849,906,25,GOOD,sensor_4
1779411971416,,30.8,88,5,5,1920,984,21,GOOD,sensor_4
1779411981490,,30.8,88,5,5,1873,938,21,GOOD,sensor_4
1779411991461,,30.8,88,5,5,1911,969,21,GOOD,sensor_4
1779412001417,,30.8,88,2,2,1879,941,8,GOOD,sensor_4
1779412011429,,30.8,88,5,6,1920,983,21,GOOD,sensor_4
1779412021560,,30.8,88,5,5,1854,906,21,GOOD,sensor_4
1779412031857,,30.8,88,6,6,1941,1009,25,GOOD,sensor_4
1779412041556,,30.8,88,5,5,1854,906,21,GOOD,sensor_4
1779412051459,,30.8,88,5,5,1937,1004,21,GOOD,sensor_4
1779412061501,,30.8,88,5,5,1874,935,21,GOOD,sensor_4
1779412071721,,30.8,88,4,4,1910,963,17,GOOD,sensor_4
1779412081473,,30.8,88,4,4,1939,1004,17,GOOD,sensor_4
1779412091628,,30.8,88,4,5,1875,932,17,GOOD,sensor_4
1779412101798,,30.8,88,4,4,1908,963,17,GOOD,sensor_4
1779412111460,,30.8,88,5,5,1877,939,21,GOOD,sensor_4
1779412121403,,30.8,88,5,5,1911,966,21,GOOD,sensor_4
1779412131433,,30.8,88,5,6,1858,921,21,GOOD,sensor_4
1779412141397,,30.8,88,5,6,1935,1003,21,GOOD,sensor_4
1779412151417,,30.8,88,5,6,1857,907,21,GOOD,sensor_4
1779412161413,,30.8,88,5,7,1936,1002,21,GOOD,sensor_4
1779412171452,,30.8,88,6,6,1860,912,25,GOOD,sensor_4
1779412181793,,30.8,88,5,5,1919,973,21,GOOD,sensor_4
1779412191439,,30.8,88,5,5,1877,938,21,GOOD,sensor_4
1779412201708,,30.8,88,2,2,1916,968,8,GOOD,sensor_4
1779412211411,,30.8,88,2,2,1931,995,8,GOOD,sensor_4
1779412221445,,30.8,88,5,5,1908,968,21,GOOD,sensor_4
1779412231402,,30.8,88,6,6,1921,973,25,GOOD,sensor_4
1779412241766,,30.8,88,5,5,1880,940,21,GOOD,sensor_4
1779412251659,,30.8,88,5,6,1930,982,21,GOOD,sensor_4
1779412261411,,30.8,88,5,5,1858,901,21,GOOD,sensor_4
1779412271537,,30.8,88,5,6,1936,1001,21,GOOD,sensor_4
1779412281754,,30.8,88,6,6,1857,902,25,GOOD,sensor_4
1779412291424,,30.8,88,8,8,1944,1000,33,GOOD,sensor_4
1779412301431,,30.8,88,8,8,1866,908,33,GOOD,sensor_4
1779412311459,,30.8,88,5,5,1944,1005,21,GOOD,sensor_4
1779412321690,,30.8,88,4,4,1864,907,17,GOOD,sensor_4
1779412331436,,30.8,88,5,5,1917,968,21,GOOD,sensor_4
1779412341579,,30.8,88,5,5,1941,1005,21,GOOD,sensor_4
1779412351770,,30.8,88,6,6,1923,976,25,GOOD,sensor_4
1779412361443,,30.8,88,5,5,1942,1005,21,GOOD,sensor_4
1779412371561,,30.8,88,4,6,1882,940,17,GOOD,sensor_4
1779412381747,,30.8,88,5,5,1918,972,21,GOOD,sensor_4
1779412391436,,30.8,88,8,9,1883,942,33,GOOD,sensor_4
1779412401440,,30.8,88,6,8,1916,971,25,GOOD,sensor_4
1779412411505,,30.8,88,6,9,1853,900,25,GOOD,sensor_4
1779412421431,,30.8,88,5,5,1939,1005,21,GOOD,sensor_4
1779412431470,,30.8,88,5,5,1853,901,21,GOOD,sensor_4
1779412441449,,30.8,88,5,5,1940,1001,21,GOOD,sensor_4
1779412451444,,30.8,88,5,5,1878,940,21,GOOD,sensor_4
1779412461798,,30.8,88,5,5,1916,969,21,GOOD,sensor_4
1779412471463,,30.8,88,4,4,1944,1006,17,GOOD,sensor_4
1779412481454,,30.8,88,6,6,1919,968,25,GOOD,sensor_4
1779412491445,,30.8,88,4,4,1924,970,17,GOOD,sensor_4
1779412501812,,30.8,88,4,4,1881,939,17,GOOD,sensor_4
1779412511785,,30.8,88,5,6,1920,972,21,GOOD,sensor_4
1779412521418,,30.8,88,5,5,1882,938,21,GOOD,sensor_4
1779412531447,,30.8,88,4,4,1935,996,17,GOOD,sensor_4
1779412541461,,30.8,88,2,2,1859,904,8,GOOD,sensor_4
1779412551415,,30.8,88,5,5,1943,1003,21,GOOD,sensor_4
1779412561784,,30.8,88,8,8,1852,898,33,GOOD,sensor_4
1779412571453,,30.8,88,5,5,1919,969,21,GOOD,sensor_4
1779412581509,,30.8,88,6,6,1882,940,25,GOOD,sensor_4
1779412591529,,30.8,88,5,5,1910,965,21,GOOD,sensor_4
1779412601455,,30.8,88,7,7,1941,1003,29,GOOD,sensor_4
1779412611802,,30.8,88,9,9,1938,1004,38,GOOD,sensor_4
1779412621506,,30.8,88,9,9,1908,961,38,GOOD,sensor_4
1779412631481,,30.8,88,8,8,1878,939,33,GOOD,sensor_4
1779412641436,,30.8,88,8,8,1916,966,33,GOOD,sensor_4
1779412651471,,30.8,88,6,8,1850,895,25,GOOD,sensor_4
1779412661467,,30.8,88,8,11,1938,999,33,GOOD,sensor_4
1779412671796,,30.8,88,8,11,1858,903,33,GOOD,sensor_4
1779412681837,,30.8,88,9,11,1934,997,38,GOOD,sensor_4
1779412691609,,30.8,88,9,9,1878,937,38,GOOD,sensor_4
1779412701471,,30.8,88,9,9,1916,966,38,GOOD,sensor_4
1779412711447,,30.8,88,14,14,1876,933,55,MODERATE,sensor_4
1779412721425,,30.8,88,13,13,1916,967,53,MODERATE,sensor_4
1779412731782,,30.8,88,12,12,1918,970,50,GOOD,sensor_4
1779412741863,,30.8,88,8,9,1941,1003,33,GOOD,sensor_4
1779412751779,,30.8,88,8,9,1852,896,33,GOOD,sensor_4
1779412761486,,30.8,88,8,8,1863,923,33,GOOD,sensor_4
1779412772024,,30.8,88,8,8,1939,1002,33,GOOD,sensor_4
1779412781783,,30.8,88,11,11,1855,901,46,GOOD,sensor_4
1779412791434,,30.8,88,9,9,1936,998,38,GOOD,sensor_4
1779412801673,,30.8,88,6,9,1851,897,25,GOOD,sensor_4
1779412811467,,30.8,88,4,6,1918,970,17,GOOD,sensor_4
1779412821414,,30.8,88,5,8,1877,934,21,GOOD,sensor_4
1779412831456,,30.8,88,5,6,1914,969,21,GOOD,sensor_4
1779412841470,,30.8,88,4,4,1875,933,17,GOOD,sensor_4
1779412851459,,30.8,88,4,4,1930,989,17,GOOD,sensor_4
1779412861526,,30.8,87,5,5,1909,960,21,GOOD,sensor_4
1779412871460,,30.8,88,6,6,1936,1002,25,GOOD,sensor_4
1779412881479,,30.8,87,6,6,1845,891,25,GOOD,sensor_4
1779412891491,,30.8,87,5,5,1872,928,21,GOOD,sensor_4
1779412901430,,30.8,87,7,7,1933,995,29,GOOD,sensor_4
1779412911499,,30.8,87,6,6,1843,891,25,GOOD,sensor_4
1779412921490,,30.8,87,8,9,1928,992,33,GOOD,sensor_4
1779412931459,,30.8,87,8,9,1874,929,33,GOOD,sensor_4
1779412941441,,30.8,87,5,8,1904,955,21,GOOD,sensor_4
1779412951516,,30.8,87,5,6,1875,930,21,GOOD,sensor_4
1779412961435,,30.8,87,5,7,1915,965,21,GOOD,sensor_4
1779412971442,,30.8,87,6,8,1854,901,25,GOOD,sensor_4
1779412981437,,30.8,88,6,6,1938,998,25,GOOD,sensor_4
1779412991784,,30.8,87,7,7,1884,930,29,GOOD,sensor_4
1779413001463,,30.8,88,5,6,1930,994,21,GOOD,sensor_4
1779413011681,,30.8,87,5,6,1866,917,21,GOOD,sensor_4
1779413021427,,30.8,87,5,6,1881,928,21,GOOD,sensor_4
1779413031644,,30.8,88,5,5,1935,995,21,GOOD,sensor_4
1779413041556,,30.8,87,7,7,1848,894,29,GOOD,sensor_4
1779413051482,,30.8,88,5,5,1922,975,21,GOOD,sensor_4
1779413061518,,30.8,88,7,7,1881,937,29,GOOD,sensor_4
1779413071804,,30.8,87,4,5,1911,960,17,GOOD,sensor_4
1779413081434,,30.8,88,4,4,1879,934,17,GOOD,sensor_4
1779413091473,,30.8,87,4,4,1928,985,17,GOOD,sensor_4
1779413101497,,30.8,88,2,4,1851,895,8,GOOD,sensor_4
1779413111434,,30.8,88,2,2,1938,998,8,GOOD,sensor_4
1779413121453,,30.8,88,2,2,1861,907,8,GOOD,sensor_4
1779413131496,,30.8,88,5,5,1933,991,21,GOOD,sensor_4
1779413141965,,30.8,88,2,4,1876,933,8,GOOD,sensor_4
1779413151461,,30.8,88,2,4,1879,922,8,GOOD,sensor_4
1779413161549,,30.8,88,2,2,1944,1001,8,GOOD,sensor_4
1779413171436,,30.8,88,4,4,1873,920,17,GOOD,sensor_4
1779413181458,,30.8,88,4,7,1919,965,17,GOOD,sensor_4
1779413191836,,30.8,88,4,5,1886,938,17,GOOD,sensor_4
1779413201421,,30.8,88,4,4,1918,963,17,GOOD,sensor_4
1779413211524,,30.8,88,5,5,1867,909,21,GOOD,sensor_4
1779413221612,,30.8,88,5,5,1946,1000,21,GOOD,sensor_4
1779413231914,,30.8,88,5,5,1863,903,21,GOOD,sensor_4
1779413241483,,30.8,88,7,7,1948,998,29,GOOD,sensor_4
1779413251713,,30.8,88,8,8,1877,919,33,GOOD,sensor_4
1779413261434,,30.8,88,6,6,1925,969,25,GOOD,sensor_4
1779413271485,,30.8,88,5,5,1888,934,21,GOOD,sensor_4
1779413281745,,30.8,88,4,5,1926,967,17,GOOD,sensor_4
1779413291448,,30.8,89,5,5,1933,983,21,GOOD,sensor_4
1779413301447,,30.8,89,7,7,1883,931,29,GOOD,sensor_4
1779413311470,,30.8,89,8,8,1927,969,33,GOOD,sensor_4
1779413321418,,30.8,90,6,8,1894,939,25,GOOD,sensor_4
1779413331478,,30.8,89,5,7,1948,993,21,GOOD,sensor_4
1779413341508,,30.8,90,5,6,1872,904,21,GOOD,sensor_4
1779413351448,,30.8,90,7,8,1955,1001,29,GOOD,sensor_4
1779413361488,,30.8,90,5,8,1874,908,21,GOOD,sensor_4
1779413371569,,30.8,90,4,5,1955,1001,17,GOOD,sensor_4
1779413381455,,30.8,90,4,5,1903,942,17,GOOD,sensor_4
1779413391839,,30.8,90,6,6,1938,975,25,GOOD,sensor_4
1779413401486,,30.8,90,5,6,1897,940,21,GOOD,sensor_4
1779413411481,,30.8,90,4,5,1951,998,17,GOOD,sensor_4
1779413421491,,30.8,90,5,7,1934,972,21,GOOD,sensor_4
1779413431491,,30.8,90,6,6,1892,938,25,GOOD,sensor_4
1779413441776,,30.8,90,7,8,1931,968,29,GOOD,sensor_4
1779413451565,,30.8,90,5,7,1883,922,21,GOOD,sensor_4
1779413461644,,30.8,90,4,5,1949,999,17,GOOD,sensor_4
1779413471573,,30.8,90,4,4,1867,901,17,GOOD,sensor_4
1779413481570,,30.8,90,7,7,1956,1005,29,GOOD,sensor_4
1779413491912,,30.8,90,7,7,1871,912,29,GOOD,sensor_4
1779413501823,,30.8,90,6,8,1925,969,25,GOOD,sensor_4
1779413511474,,30.8,90,7,7,1888,933,29,GOOD,sensor_4
1779413521481,,30.8,90,5,5,1921,963,21,GOOD,sensor_4
1779413531492,,30.8,90,6,6,1886,921,25,GOOD,sensor_4
1779413541647,,30.8,90,7,7,1963,1003,29,GOOD,sensor_4
1779413551510,,30.8,90,5,7,1951,976,21,GOOD,sensor_4
1779413561537,,30.8,90,5,6,1922,946,21,GOOD,sensor_4
1779413571848,,30.8,90,5,6,1988,1011,21,GOOD,sensor_4
1779413581515,,30.8,90,7,7,1922,928,29,GOOD,sensor_4
1779413591520,,30.8,90,5,5,2015,1035,21,GOOD,sensor_4
1779413601478,,30.8,90,5,7,1934,935,21,GOOD,sensor_4
1779413611463,,30.8,90,6,6,2017,1035,25,GOOD,sensor_4
1779413621488,,30.8,90,7,8,1961,969,29,GOOD,sensor_4
1779413631844,,30.8,90,5,5,2005,1004,21,GOOD,sensor_4
1779413641451,,30.8,91,4,4,1974,978,17,GOOD,sensor_4
1779413651728,,30.8,91,5,5,2024,1032,21,GOOD,sensor_4
1779413661438,,30.8,91,7,7,1958,951,29,GOOD,sensor_4
1779413671575,,30.8,91,5,5,2045,1062,21,GOOD,sensor_4
1779413681783,,30.8,91,6,6,2020,1020,25,GOOD,sensor_4
1779413691461,,30.8,91,7,7,1981,982,29,GOOD,sensor_4
1779413701618,,30.8,91,7,8,2050,1062,29,GOOD,sensor_4
1779413711824,,30.8,91,7,7,1970,959,29,GOOD,sensor_4
1779413721446,,30.8,91,5,7,2091,1076,21,GOOD,sensor_4
1779413731521,,30.8,91,5,5,2070,1021,21,GOOD,sensor_4
1779413741570,,30.8,91,8,8,2164,1098,33,GOOD,sensor_4
1779413751458,,30.8,91,7,7,2171,1102,29,GOOD,sensor_4
1779413761474,,30.8,91,8,8,2247,1166,33,GOOD,sensor_4
1779413771511,,30.8,91,8,8,2207,1141,33,GOOD,sensor_4
1779413781508,,30.8,91,7,7,2268,1239,29,GOOD,sensor_4
1779413791434,,30.8,91,5,5,2191,1152,21,GOOD,sensor_4
1779413801445,,30.8,91,8,8,2266,1258,33,GOOD,sensor_4
1779413811483,,30.8,91,5,5,2238,1227,21,GOOD,sensor_4
1779413821535,,30.8,91,4,4,2176,1160,17,GOOD,sensor_4
1779413831577,,30.8,91,5,5,2249,1252,21,GOOD,sensor_4
1779413841513,,30.8,91,4,5,2168,1157,17,GOOD,sensor_4
1779413851549,,30.8,91,5,5,2252,1255,21,GOOD,sensor_4
1779413861437,,30.8,91,4,4,2201,1200,17,GOOD,sensor_4
1779413871577,,30.8,91,5,5,2233,1229,21,GOOD,sensor_4
1779413881497,,30.8,91,4,5,2187,1195,17,GOOD,sensor_4
1779413891761,,30.8,91,5,5,2222,1232,21,GOOD,sensor_4
1779413901469,,30.8,91,7,7,2139,1143,29,GOOD,sensor_4
1779413911512,,30.8,91,7,7,2220,1246,29,GOOD,sensor_4
1779413921438,,30.8,91,7,7,2125,1139,29,GOOD,sensor_4
1779413931421,,30.8,91,5,5,2191,1223,21,GOOD,sensor_4
1779413941830,,30.8,91,5,5,2191,1226,21,GOOD,sensor_4
1779413951637,,30.8,91,7,7,2115,1125,29,GOOD,sensor_4
1779413961445,,30.8,91,7,8,2201,1225,29,GOOD,sensor_4
1779413971477,,30.8,91,7,8,2130,1136,29,GOOD,sensor_4
1779413981432,,30.8,91,4,5,2203,1198,17,GOOD,sensor_4
1779413991500,,30.8,91,4,4,2165,1167,17,GOOD,sensor_4
1779414002126,,30.8,91,4,4,2214,1206,17,GOOD,sensor_4
1779414011807,,30.8,91,2,2,2171,1165,8,GOOD,sensor_4
1779414021438,,30.8,91,2,2,2229,1229,8,GOOD,sensor_4
1779414031517,,30.8,91,2,2,2153,1133,8,GOOD,sensor_4
1779414041783,,30.8,92,2,4,2231,1233,8,GOOD,sensor_4
1779414051444,,30.2,92,2,4,2159,1141,8,GOOD,sensor_4
1779414061842,,30.2,92,4,5,2215,1203,17,GOOD,sensor_4
1779414071564,,30.2,92,4,4,2230,1230,17,GOOD,sensor_4
1779414081779,,30.2,92,4,4,2156,1134,17,GOOD,sensor_4
1779414091476,,30.2,92,4,5,2232,1230,17,GOOD,sensor_4
1779414101642,,30.2,92,4,4,2167,1161,17,GOOD,sensor_4
1779414111799,,30.2,92,4,4,2216,1201,17,GOOD,sensor_4
1779414121788,,30.2,92,2,2,2174,1167,8,GOOD,sensor_4
1779414131711,,30.2,92,2,4,2209,1195,8,GOOD,sensor_4
1779414141904,,30.2,92,4,4,2156,1135,17,GOOD,sensor_4
1779414151772,,30.2,93,4,4,2237,1232,17,GOOD,sensor_4
1779414161853,,30.2,92,4,4,2147,1127,17,GOOD,sensor_4
1779414171447,,30.2,93,4,4,2235,1230,17,GOOD,sensor_4
1779414181507,,30.2,93,4,4,2177,1166,17,GOOD,sensor_4
1779414191467,,30.2,93,5,5,2208,1194,21,GOOD,sensor_4
1779414201470,,30.2,93,5,5,2239,1234,21,GOOD,sensor_4
1779414211465,,30.2,93,4,5,2156,1136,17,GOOD,sensor_4
1779414221488,,30.2,93,2,4,2212,1194,8,GOOD,sensor_4
1779414231466,,30.2,93,4,4,2175,1166,17,GOOD,sensor_4
1779414241795,,30.2,93,2,2,2213,1195,8,GOOD,sensor_4
1779414251817,,30.2,93,4,5,2175,1163,17,GOOD,sensor_4
1779414261867,,30.2,93,5,7,2233,1228,21,GOOD,sensor_4
1779414271800,,30.2,93,4,4,2155,1130,17,GOOD,sensor_4
1779414281431,,30.2,93,2,4,2233,1228,8,GOOD,sensor_4
1779414291583,,30.2,93,4,5,2153,1129,17,GOOD,sensor_4
1779414301451,,30.2,93,2,2,2214,1195,8,GOOD,sensor_4
1779414311537,,30.2,93,4,4,2171,1158,17,GOOD,sensor_4
1779414322162,,30.2,93,5,5,2218,1199,21,GOOD,sensor_4
1779414331440,,30.2,93,4,4,2232,1227,17,GOOD,sensor_4
1779414341567,,30.2,93,2,2,2175,1159,8,GOOD,sensor_4
1779414351526,,30.2,93,2,2,2212,1192,8,GOOD,sensor_4
1779414361461,,30.2,94,2,2,2173,1161,8,GOOD,sensor_4
1779414371820,,30.2,93,4,4,2214,1194,17,GOOD,sensor_4
1779414381509,,30.2,93,4,4,2147,1122,17,GOOD,sensor_4
1779414391464,,30.2,94,4,4,2224,1218,17,GOOD,sensor_4
1779414401449,,30.2,93,5,5,2149,1124,21,GOOD,sensor_4
1779414411515,,30.2,94,4,4,2226,1220,17,GOOD,sensor_4
1779414421463,,30.2,93,4,4,2170,1149,17,GOOD,sensor_4
1779414431461,,30.2,93,4,5,2210,1190,17,GOOD,sensor_4
1779414441441,,30.2,94,7,8,2158,1145,29,GOOD,sensor_4
1779414451661,,30.2,94,7,7,2207,1184,29,GOOD,sensor_4
1779414461449,,30.2,94,4,4,2206,1183,17,GOOD,sensor_4
1779414471478,,30.2,94,5,5,2168,1151,21,GOOD,sensor_4
1779414481472,,30.2,94,5,8,2206,1182,21,GOOD,sensor_4
1779414491480,,30.2,94,5,5,2173,1157,21,GOOD,sensor_4
1779414501976,,30.2,94,4,4,2234,1221,17,GOOD,sensor_4
1779414511474,,30.2,94,5,5,2147,1117,21,GOOD,sensor_4
1779414521448,,30.2,94,8,8,2233,1221,33,GOOD,sensor_4
1779414531716,,30.2,94,7,8,2149,1120,29,GOOD,sensor_4
1779414541431,,30.2,94,7,7,2205,1187,29,GOOD,sensor_4
1779414551514,,30.2,94,4,4,2173,1155,17,GOOD,sensor_4
1779414562112,,30.2,94,5,5,2213,1191,21,GOOD,sensor_4
1779414571444,,30.2,94,5,5,2172,1153,21,GOOD,sensor_4
1779414581415,,30.2,94,5,5,2232,1222,21,GOOD,sensor_4
1779414591437,,30.2,94,5,7,2217,1193,21,GOOD,sensor_4
1779414601442,,30.2,94,5,7,2186,1166,21,GOOD,sensor_4
1779414611468,,30.2,94,5,5,2217,1192,21,GOOD,sensor_4
1779414621432,,30.2,94,7,7,2160,1126,29,GOOD,sensor_4
1779414631424,,30.2,94,5,5,2245,1228,21,GOOD,sensor_4
1779414641423,,30.2,93,5,5,2159,1123,21,GOOD,sensor_4
1779414651818,,30.2,94,8,9,2244,1226,33,GOOD,sensor_4
1779414661574,,30.2,94,8,8,2183,1159,33,GOOD,sensor_4
1779414671475,,30.2,94,5,5,2220,1190,21,GOOD,sensor_4
1779414681429,,30.2,94,5,5,2180,1159,21,GOOD,sensor_4
1779414691557,,30.2,94,4,4,2229,1199,17,GOOD,sensor_4
1779414701481,,30.2,94,4,4,2165,1129,17,GOOD,sensor_4
1779414711560,,30.2,94,5,5,2239,1222,21,GOOD,sensor_4
1779414721560,,30.2,94,4,4,2226,1195,17,GOOD,sensor_4
1779414731482,,30.2,94,5,7,2245,1228,21,GOOD,sensor_4
1779414741524,,30.2,94,4,5,2245,1230,17,GOOD,sensor_4
1779414751777,,30.2,94,4,5,2169,1132,17,GOOD,sensor_4
1779414761484,,30.2,94,2,4,2242,1225,8,GOOD,sensor_4
1779414771661,,30.2,94,4,4,2159,1125,17,GOOD,sensor_4
1779414781491,,30.2,94,5,5,2225,1199,21,GOOD,sensor_4
1779414791493,,30.2,94,5,5,2180,1165,21,GOOD,sensor_4
1779414801828,,30.2,94,5,5,2219,1196,21,GOOD,sensor_4
1779414811911,,30.2,94,8,8,2180,1164,33,GOOD,sensor_4
1779414821651,,30.2,94,7,7,2246,1234,29,GOOD,sensor_4
1779414834809,,30.2,94,4,5,2191,1161,17,GOOD,sensor_4
1779414841665,,30.2,94,5,5,2236,1256,21,GOOD,sensor_4
1779414851510,,30.2,94,5,5,2248,1243,21,GOOD,sensor_4
1779414861873,,30.5,93,5,5,2236,1228,21,GOOD,sensor_4
1779414871552,,30.8,93,5,5,2265,1266,21,GOOD,sensor_4
1779414881854,,30.8,93,5,5,2189,1176,21,GOOD,sensor_4
1779414891486,,30.8,93,5,5,2282,1280,21,GOOD,sensor_4
1779414901592,,30.8,93,5,5,2229,1219,21,GOOD,sensor_4
1779414911861,,30.8,93,5,5,2251,1238,21,GOOD,sensor_4
1779414921593,,30.8,93,2,2,2223,1219,8,GOOD,sensor_4
